NIS,NIS_code,unemployed,foreigners,euforeigners,noneuforeigners,degree,bornabroad,borneu,bornnoneu,density,age,NL,FR,Reg_NL,income
21001,21001,0.196,0.2879,0.1598,0.128,0.208,0.3917,0.1318,0.2598,6139.5,37.052749072,Anderlecht,Anderlecht,Brussels Hoofdstedelijk Gewest,11261
21002,21002,0.0916,0.2523,0.1781,0.0742,0.4707,0.3122,0.1557,0.1565,3482.28,40.46114467,Oudergem,Auderghem,Brussels Hoofdstedelijk Gewest,17696
21003,21003,0.1411,0.1654,0.102,0.0634,0.3073,0.2717,0.0875,0.1842,7736.42,39.047597534,Sint-Agatha-Berchem,Berchem-Sainte-Agathe,Brussels Hoofdstedelijk Gewest,15046
21004,21004,0.1917,0.3782,0.1891,0.1891,0.3102,0.4953,0.1613,0.334,5348.2,35.748418257,Brussel,Bruxelles,Brussels Hoofdstedelijk Gewest,11864
21005,21005,0.128,0.4219,0.3209,0.101,0.4509,0.4976,0.2729,0.2247,14425.32,37.419134341,Etterbeek,Etterbeek,Brussels Hoofdstedelijk Gewest,13610
21006,21006,0.1532,0.2137,0.1171,0.0966,0.2572,0.3317,0.1047,0.227,7307.93,39.130116654,Evere,Evere,Brussels Hoofdstedelijk Gewest,13191
21007,21007,0.1735,0.3131,0.2051,0.108,0.3613,0.4006,0.1743,0.2263,8326.97,37.891078946,Vorst (Brussel-Hoofdstad),Forest (Bruxelles-Capitale),Brussels Hoofdstedelijk Gewest,13746
21008,21008,0.1532,0.1769,0.1014,0.0755,0.2884,0.2953,0.0948,0.2006,9420.75,40.948028826,Ganshoren,Ganshoren,Brussels Hoofdstedelijk Gewest,15005
21009,21009,0.148,0.446,0.321,0.1251,0.5004,0.5238,0.279,0.2448,13058.93,37.786351521,Elsene,Ixelles,Brussels Hoofdstedelijk Gewest,14513
21010,21010,0.1486,0.1968,0.1079,0.0889,0.3051,0.3189,0.0977,0.2213,9540.71,38.795011765,Jette,Jette,Brussels Hoofdstedelijk Gewest,14371
21011,21011,0.1859,0.2657,0.1467,0.1191,0.286,0.397,0.1242,0.2728,17343.7,36.148087399,Koekelberg,Koekelberg,Brussels Hoofdstedelijk Gewest,12195
21012,21012,0.2372,0.2799,0.1229,0.1571,0.2007,0.4322,0.0959,0.3363,15727.13,34.818929948,Sint-Jans-Molenbeek,Molenbeek-Saint-Jean,Brussels Hoofdstedelijk Gewest,9844
21013,21013,0.2038,0.4585,0.3116,0.1468,0.3746,0.5296,0.2652,0.2644,19340.22,35.609153748,Sint-Gillis,Saint-Gilles,Brussels Hoofdstedelijk Gewest,11488
21014,21014,0.2406,0.4113,0.1962,0.2151,0.2282,0.576,0.1686,0.4074,24354.44,32.994025624,Sint-Joost-ten-Node,Saint-Josse-ten-Noode,Brussels Hoofdstedelijk Gewest,8242
21015,21015,0.1987,0.3363,0.1772,0.159,0.3074,0.4569,0.1512,0.3057,15666.53,34.638614634,Schaarbeek,Schaerbeek,Brussels Hoofdstedelijk Gewest,10907
21016,21016,0.1077,0.2893,0.23,0.0594,0.4891,0.356,0.2034,0.1527,3422.35,41.863784998,Ukkel,Uccle,Brussels Hoofdstedelijk Gewest,18707
21017,21017,0.104,0.1755,0.1375,0.038,0.4896,0.2452,0.1266,0.1187,1877.13,42.516280297,Watermaal-Bosvoorde,Watermael-Boitsfort,Brussels Hoofdstedelijk Gewest,19131
21018,21018,0.0939,0.3216,0.244,0.0776,0.4843,0.377,0.2084,0.1686,7139.4,41.103965246,Sint-Lambrechts-Woluwe,Woluwe-Saint-Lambert,Brussels Hoofdstedelijk Gewest,16403
21019,21019,0.0771,0.32,0.2559,0.0641,0.5586,0.3556,0.2157,0.1398,4464.16,41.920100737,Sint-Pieters-Woluwe,Woluwe-Saint-Pierre,Brussels Hoofdstedelijk Gewest,18850
23105,23105,0.031,0.0253,0.0124,0.0129,0.3114,0.0512,0.0166,0.0346,704.97,41.323037326,Affligem,Affligem,Vlaams Gewest,19533
23002,23002,0.0444,0.0746,0.0415,0.0331,0.3186,0.1272,0.0378,0.0894,616.34,40.948231484,Asse,Asse,Vlaams Gewest,18848
23003,23003,0.0383,0.0877,0.0647,0.0229,0.3638,0.1137,0.054,0.0597,813.45,40.717304905,Beersel,Beersel,Vlaams Gewest,20046
23009,23009,0.0445,0.0288,0.0209,0.0079,0.3002,0.0492,0.0241,0.0251,108.97,39.655975743,Bever,Biévène,Vlaams Gewest,18006
23016,23016,0.0428,0.0717,0.0484,0.0233,0.3509,0.1054,0.0424,0.063,977.62,42.60882381,Dilbeek,Dilbeek,Vlaams Gewest,20590
23098,23098,0.0727,0.1486,0.1184,0.0302,0.2455,0.1982,0.0995,0.0987,1985.18,40.824327365,Drogenbos,Drogenbos,Vlaams Gewest,16079
23023,23023,0.0231,0.0148,0.0101,0.0047,0.2682,0.0257,0.0122,0.0135,243.87,41.309975058,Galmaarden,Gammerages,Vlaams Gewest,19393
23024,23024,0.0218,0.0198,0.0116,0.0081,0.3072,0.0309,0.0124,0.0185,229.57,42.03288271,Gooik,Gooik,Vlaams Gewest,20126
23025,23025,0.0452,0.0782,0.0527,0.0255,0.3553,0.1244,0.0504,0.074,918.72,41.997577384,Grimbergen,Grimbergen,Vlaams Gewest,20372
23027,23027,0.0419,0.0589,0.0331,0.0258,0.2658,0.0897,0.0305,0.0593,818.55,41.167453534,Halle (Halle-Vilvoorde),Hal (Hal-Vilvorde),Vlaams Gewest,17996
23032,23032,0.0247,0.019,0.0121,0.0069,0.3056,0.0364,0.0151,0.0213,148.38,41.965206719,Herne,Herne,Vlaams Gewest,19375
23033,23033,0.0381,0.1587,0.1305,0.0282,0.4056,0.1793,0.108,0.0713,510.51,40.753864002,Hoeilaart,Hoeilaart,Vlaams Gewest,20421
23038,23038,0.0326,0.0317,0.0241,0.0076,0.3421,0.0509,0.0253,0.0256,335.94,40.977517518,Kampenhout,Kampenhout,Vlaams Gewest,21295
23039,23039,0.0236,0.02,0.0118,0.0083,0.2825,0.0387,0.0175,0.0212,596.2,42.016912982,Kapelle-op-den-Bos,Kapelle-op-den-Bos,Vlaams Gewest,20096
23099,23099,0.0473,0.2898,0.235,0.0548,0.5193,0.3115,0.1914,0.1201,2311.16,40.647651012,Kraainem,Kraainem,Vlaams Gewest,19745
23104,23104,0.0249,0.0284,0.0182,0.0101,0.3359,0.0446,0.0193,0.0253,288.35,42.549884601,Lennik,Lennik,Vlaams Gewest,20829
23044,23044,0.0366,0.0378,0.0191,0.0187,0.2371,0.0751,0.0189,0.0562,1244.59,42.13287996,Liedekerke,Liedekerke,Vlaams Gewest,17768
23100,23100,0.0551,0.1243,0.106,0.0183,0.4848,0.1621,0.097,0.065,1159.71,40.919118052,Linkebeek,Linkebeek,Vlaams Gewest,20312
23045,23045,0.0268,0.0255,0.0164,0.0092,0.3143,0.0423,0.0187,0.0237,490.28,42.063695886,Londerzeel,Londerzeel,Vlaams Gewest,19735
23047,23047,0.0494,0.1121,0.0658,0.0462,0.2189,0.1801,0.0523,0.1279,1171.69,38.908546991,Machelen (Halle-Vilvoorde),Machelen (Hal-Vilvorde),Vlaams Gewest,16028
23050,23050,0.0336,0.0522,0.0355,0.0166,0.3751,0.0772,0.0347,0.0425,527.1,41.732232977,Meise,Meise,Vlaams Gewest,21995
23052,23052,0.0288,0.0355,0.0203,0.0151,0.3249,0.0581,0.0194,0.0386,424.37,41.118284351,Merchtem,Merchtem,Vlaams Gewest,19993
23060,23060,0.0271,0.0256,0.0128,0.0128,0.3317,0.0407,0.0137,0.027,684.3,40.76103329,Opwijk,Opwijk,Vlaams Gewest,19939
23062,23062,0.0305,0.1985,0.1667,0.0317,0.4272,0.2142,0.1371,0.0771,552.14,41.388273916,Overijse,Overijse,Vlaams Gewest,20971
23064,23064,0.0188,0.015,0.0076,0.0074,0.3288,0.0267,0.0112,0.0155,123.67,40.855273629,Pepingen,Pepingen,Vlaams Gewest,20323
23101,23101,0.0491,0.1688,0.1387,0.0302,0.4786,0.2077,0.1227,0.085,789.2,40.732029162,Sint-Genesius-Rode,Rhode-Saint-Genèse,Vlaams Gewest,21868
23097,23097,0.0291,0.0274,0.0182,0.0091,0.298,0.0393,0.0168,0.0225,521.06,41.214166021,Roosdaal,Roosdaal,Vlaams Gewest,19399
23077,23077,0.0534,0.1103,0.084,0.0263,0.2427,0.1431,0.0666,0.0765,790.05,41.282699324,Sint-Pieters-Leeuw,Sint-Pieters-Leeuw,Vlaams Gewest,17277
23081,23081,0.0272,0.0857,0.0369,0.0488,0.3148,0.1142,0.0358,0.0784,515.45,40.930342507,Steenokkerzeel,Steenokkerzeel,Vlaams Gewest,20741
23086,23086,0.0301,0.0287,0.0183,0.0104,0.317,0.0496,0.0198,0.0298,616.27,41.893666998,Ternat,Ternat,Vlaams Gewest,20258
23088,23088,0.0658,0.1251,0.0747,0.0504,0.2573,0.1957,0.0622,0.1335,1888.87,38.580403556,Vilvoorde,Vilvorde,Vlaams Gewest,16519
23102,23102,0.061,0.1093,0.0769,0.0324,0.3713,0.1697,0.0697,0.1,1752.76,41.783541271,Wemmel,Wemmel,Vlaams Gewest,20414
23103,23103,0.0427,0.2235,0.1877,0.0358,0.5203,0.2535,0.163,0.0905,2011.37,40.715549785,Wezembeek-Oppem,Wezembeek-Oppem,Vlaams Gewest,20800
23094,23094,0.0496,0.1953,0.1409,0.0544,0.3445,0.2463,0.1167,0.1297,1133.04,39.963896762,Zaventem,Zaventem,Vlaams Gewest,17804
23096,23096,0.0262,0.0248,0.0183,0.0065,0.3604,0.0465,0.023,0.0236,513.37,41.073998911,Zemst,Zemst,Vlaams Gewest,21905
24001,24001,0.0407,0.0232,0.0156,0.0076,0.2845,0.0423,0.0225,0.0198,458.24,43.900324357,Aarschot,Aarschot,Vlaams Gewest,18823
24007,24007,0.0309,0.0162,0.0109,0.0054,0.2768,0.0286,0.0149,0.0137,559.24,42.601817035,Begijnendijk,Begijnendijk,Vlaams Gewest,19275
24008,24008,0.03,0.0182,0.0095,0.0087,0.2628,0.0294,0.0128,0.0166,164.02,42.279546953,Bekkevoort,Bekkevoort,Vlaams Gewest,17914
24009,24009,0.0274,0.0624,0.0467,0.0157,0.3923,0.0898,0.0477,0.0421,321.71,40.371980989,Bertem,Bertem,Vlaams Gewest,21388
24011,24011,0.0223,0.0259,0.0171,0.0087,0.4559,0.0489,0.0241,0.0248,239.29,41.210316349,Bierbeek,Bierbeek,Vlaams Gewest,23033
24014,24014,0.0279,0.0275,0.0193,0.0082,0.3607,0.0494,0.0248,0.0246,638.04,42.072450675,Boortmeerbeek,Boortmeerbeek,Vlaams Gewest,21250
24016,24016,0.0204,0.0195,0.0127,0.0068,0.3703,0.0411,0.0168,0.0243,250.27,40.92958528,Boutersem,Boutersem,Vlaams Gewest,20635
24020,24020,0.0463,0.0411,0.0229,0.0183,0.3025,0.0827,0.0281,0.0546,398.74,42.822011839,Diest,Diest,Vlaams Gewest,18347
24028,24028,0.0371,0.0251,0.0128,0.0123,0.201,0.0339,0.0162,0.0177,168.66,42.768498985,Geetbets,Geetbets,Vlaams Gewest,16787
24137,24137,0.0255,0.0137,0.0088,0.0049,0.3098,0.0264,0.0139,0.0124,198.35,42.119314992,Glabbeek,Glabbeek,Vlaams Gewest,19072
24033,24033,0.0302,0.0167,0.0113,0.0054,0.344,0.0369,0.0194,0.0175,464.37,41.543918985,Haacht,Haacht,Vlaams Gewest,20031
24038,24038,0.0266,0.0344,0.0204,0.014,0.4636,0.0649,0.0263,0.0386,624.52,40.4221335,Herent,Herent,Vlaams Gewest,22230
24041,24041,0.0279,0.0345,0.0224,0.012,0.3552,0.0564,0.026,0.0304,195.9,40.61882074,Hoegaarden,Hoegaarden,Vlaams Gewest,20488
24043,24043,0.0251,0.0205,0.0131,0.0074,0.4115,0.0404,0.0183,0.022,252.29,40.808179233,Holsbeek,Holsbeek,Vlaams Gewest,20939
24045,24045,0.0271,0.0695,0.057,0.0125,0.3777,0.0909,0.056,0.0349,238.93,41.020083928,Huldenberg,Huldenberg,Vlaams Gewest,20641
24048,24048,0.0339,0.0622,0.0544,0.0078,0.4191,0.0886,0.0588,0.0298,693.4,42.901593619,Keerbergen,Keerbergen,Vlaams Gewest,23753
24054,24054,0.0323,0.0206,0.0099,0.0107,0.2309,0.0288,0.0119,0.0169,159.32,43.524878086,Kortenaken,Kortenaken,Vlaams Gewest,17834
24055,24055,0.0332,0.094,0.0679,0.0262,0.3768,0.1129,0.0592,0.0537,555.03,40.736505867,Kortenberg,Kortenberg,Vlaams Gewest,20897
24059,24059,0.043,0.0288,0.0171,0.0116,0.255,0.0567,0.0242,0.0325,286.05,42.542013628,Landen,Landen,Vlaams Gewest,18417
24133,24133,0.0318,0.0144,0.009,0.0054,0.2441,0.0307,0.0148,0.0159,195.19,42.983354116,Linter,Linter,Vlaams Gewest,18548
24062,24062,0.0425,0.1578,0.0731,0.0847,0.4992,0.2081,0.0726,0.1355,1717.58,39.746998487,Leuven,Louvain,Vlaams Gewest,19302
24066,24066,0.0223,0.023,0.0169,0.0061,0.4268,0.043,0.0205,0.0225,301.07,42.421558307,Lubbeek,Lubbeek,Vlaams Gewest,22392
24130,24130,0.0449,0.0187,0.0104,0.0083,0.2375,0.0411,0.0195,0.0216,176.45,43.125588367,Zoutleeuw,Léau,Vlaams Gewest,18092
24134,24134,0.042,0.0228,0.0148,0.008,0.238,0.0393,0.0195,0.0198,447.75,43.897714207,Scherpenheuvel-Zichem,Montaigu-Zichem,Vlaams Gewest,18179
24086,24086,0.0265,0.0359,0.0227,0.0132,0.5014,0.0633,0.0273,0.036,353.64,41.170120864,Oud-Heverlee,Oud-Heverlee,Vlaams Gewest,23486
24094,24094,0.0301,0.0236,0.0174,0.0062,0.3812,0.0435,0.0236,0.0199,419.66,41.165112911,Rotselaar,Rotselaar,Vlaams Gewest,20682
24104,24104,0.035,0.2533,0.2092,0.0441,0.4584,0.2676,0.177,0.0906,645.1,40.567263661,Tervuren,Tervuren,Vlaams Gewest,20218
24135,24135,0.0305,0.0172,0.0098,0.0074,0.3128,0.0286,0.0136,0.0149,236.38,41.792542391,Tielt-Winge,Tielt-Winge,Vlaams Gewest,19465
24107,24107,0.0498,0.0409,0.0193,0.0216,0.2594,0.0747,0.0252,0.0495,457.02,43.528258789,Tienen,Tirlemont,Vlaams Gewest,18248
24109,24109,0.0355,0.0306,0.0237,0.0069,0.2903,0.0514,0.0292,0.0223,677.01,42.537166777,Tremelo,Tremelo,Vlaams Gewest,19601
31003,31003,0.0257,0.0131,0.0084,0.0047,0.2514,0.0242,0.0123,0.0118,212.5,42.095303345,Beernem,Beernem,Vlaams Gewest,17530
31004,31004,0.0903,0.038,0.0234,0.0146,0.1675,0.0655,0.0332,0.0323,1097.8,47.677320434,Blankenberge,Blankenberge,Vlaams Gewest,16596
31005,31005,0.0436,0.037,0.0193,0.0177,0.3118,0.0699,0.0291,0.0408,847.24,43.760691593,Brugge,Bruges,Vlaams Gewest,18442
31006,31006,0.0292,0.0166,0.0135,0.0031,0.2521,0.0346,0.0228,0.0118,121.15,43.084496059,Damme,Damme,Vlaams Gewest,17847
31012,31012,0.0287,0.0146,0.0093,0.0053,0.3111,0.0288,0.016,0.0128,255,42.028427415,Jabbeke,Jabbeke,Vlaams Gewest,19058
31043,31043,0.054,0.0525,0.0379,0.0146,0.2818,0.0813,0.0467,0.0346,602.98,49.615274969,Knokke-Heist,Knokke-Heist,Vlaams Gewest,23203
31022,31022,0.0283,0.014,0.0083,0.0057,0.279,0.0301,0.0151,0.015,283.26,41.667232532,Oostkamp,Oostkamp,Vlaams Gewest,18101
31033,31033,0.0367,0.0177,0.0091,0.0086,0.2613,0.0317,0.0145,0.0172,442,42.625718766,Torhout,Torhout,Vlaams Gewest,17270
31040,31040,0.0307,0.0122,0.0071,0.0051,0.2587,0.0272,0.0139,0.0133,370.84,41.116064592,Zedelgem,Zedelgem,Vlaams Gewest,17436
31042,31042,0.0342,0.0134,0.0087,0.0047,0.297,0.0307,0.0163,0.0145,56.63,42.163996727,Zuienkerke,Zuienkerke,Vlaams Gewest,18335
34002,34002,0.0313,0.0086,0.0052,0.0035,0.2832,0.0165,0.0091,0.0073,343.28,41.34577848,Anzegem,Anzegem,Vlaams Gewest,17634
34003,34003,0.0452,0.0186,0.011,0.0077,0.2222,0.0349,0.0176,0.0174,444.68,41.983282014,Avelgem,Avelgem,Vlaams Gewest,16670
34022,34022,0.0493,0.0612,0.0225,0.0387,0.3105,0.0985,0.028,0.0705,940.05,42.502119944,Kortrijk,Courtrai,Vlaams Gewest,17445
34009,34009,0.0305,0.0163,0.0081,0.0081,0.2664,0.0293,0.0104,0.0189,672.82,42.036959408,Deerlijk,Deerlijk,Vlaams Gewest,17194
34043,34043,0.0531,0.0522,0.0499,0.0024,0.2187,0.0771,0.0677,0.0094,197.28,38.362221842,Spiere-Helkijn,Espierres-Helchin,Vlaams Gewest,15629
34013,34013,0.0358,0.0272,0.0108,0.0164,0.2352,0.0499,0.0147,0.0352,920.35,42.071988518,Harelbeke,Harelbeke,Vlaams Gewest,16822
34023,34023,0.0347,0.0366,0.0153,0.0214,0.237,0.0597,0.0172,0.0425,1297.52,42.545310768,Kuurne,Kuurne,Vlaams Gewest,16614
34025,34025,0.0292,0.0119,0.006,0.0058,0.2495,0.023,0.0083,0.0147,429.88,42.583643926,Lendelede,Lendelede,Vlaams Gewest,17049
34027,34027,0.0565,0.0845,0.0557,0.0288,0.1848,0.1175,0.0699,0.0476,996.77,42.034089038,Menen,Menin,Vlaams Gewest,15506
34040,34040,0.0391,0.0269,0.0132,0.0137,0.2773,0.051,0.0164,0.0346,826.68,41.827043122,Waregem,Waregem,Vlaams Gewest,17432
34041,34041,0.0355,0.0178,0.0094,0.0085,0.2532,0.0365,0.016,0.0205,802.89,41.533692196,Wevelgem,Wevelgem,Vlaams Gewest,16999
34042,34042,0.0324,0.0163,0.0087,0.0076,0.2691,0.0302,0.0136,0.0165,381.69,41.626333879,Zwevegem,Zwevegem,Vlaams Gewest,17653
32003,32003,0.0336,0.0138,0.0081,0.0057,0.2189,0.0328,0.0183,0.0145,109.79,41.808299894,Diksmuide,Dixmude,Vlaams Gewest,15445
32006,32006,0.0385,0.0095,0.006,0.0035,0.1686,0.028,0.0186,0.0093,172.68,40.764390867,Houthulst,Houthulst,Vlaams Gewest,15004
32010,32010,0.0358,0.0091,0.0052,0.0039,0.1846,0.0227,0.0119,0.0107,216.08,42.177459319,Koekelare,Koekelare,Vlaams Gewest,15713
32011,32011,0.0318,0.0092,0.0062,0.003,0.1889,0.0208,0.012,0.0089,221.58,42.371556961,Kortemark,Kortemark,Vlaams Gewest,15711
32030,32030,0.0243,0.0114,0.0087,0.0027,0.2387,0.0283,0.0205,0.0078,52.75,41.412516043,Lo-Reninge,Lo-Reninge,Vlaams Gewest,14508
38002,38002,0.0268,0.0182,0.0155,0.0026,0.2212,0.0311,0.025,0.0061,61.97,40.2040459,Alveringem,Alveringem,Vlaams Gewest,14269
38025,38025,0.0379,0.0167,0.0113,0.0054,0.2327,0.0411,0.0272,0.0138,120.11,43.574677115,Veurne,Furnes,Vlaams Gewest,16352
38014,38014,0.051,0.0351,0.0252,0.0099,0.3176,0.0703,0.0422,0.0281,500.32,50.201887864,Koksijde,Koksijde,Vlaams Gewest,22685
38008,38008,0.0769,0.0793,0.0627,0.0166,0.194,0.1185,0.0854,0.0331,449.77,47.449421745,De Panne,La Panne,Vlaams Gewest,16863
38016,38016,0.061,0.0297,0.0175,0.0122,0.2057,0.0644,0.034,0.0304,367.62,47.900786736,Nieuwpoort,Nieuport,Vlaams Gewest,17253
36006,36006,0.0218,0.0157,0.0096,0.0061,0.2688,0.0279,0.0148,0.013,263.53,41.168936153,Hooglede,Hooglede,Vlaams Gewest,16578
36007,36007,0.0329,0.0291,0.0134,0.0157,0.2055,0.0422,0.0175,0.0247,665.46,42.466715526,Ingelmunster,Ingelmunster,Vlaams Gewest,16380
36008,36008,0.0371,0.0194,0.0084,0.011,0.2385,0.036,0.0129,0.0231,1071.26,42.626196282,Izegem,Izegem,Vlaams Gewest,16808
36010,36010,0.0319,0.0143,0.0055,0.0088,0.2144,0.0268,0.011,0.0157,387.87,41.479619976,Ledegem,Ledegem,Vlaams Gewest,16162
36011,36011,0.023,0.0138,0.0044,0.0094,0.2397,0.0259,0.0085,0.0174,327.86,41.513154321,Lichtervelde,Lichtervelde,Vlaams Gewest,16816
36012,36012,0.0279,0.0122,0.0087,0.0035,0.2065,0.0281,0.0162,0.0119,307.57,42.553816835,Moorslede,Moorslede,Vlaams Gewest,15792
36015,36015,0.0395,0.0362,0.0118,0.0244,0.275,0.0618,0.0179,0.044,977.56,41.624381486,Roeselare,Roulers,Vlaams Gewest,17047
36019,36019,0.0176,0.0103,0.0076,0.0027,0.2121,0.0241,0.0162,0.0079,237.46,42.074249211,Staden,Staden,Vlaams Gewest,15461
37020,37020,0.0305,0.02,0.0147,0.0053,0.2257,0.0323,0.0193,0.013,262.38,43.139818129,Ardooie,Ardooie,Vlaams Gewest,16434
37002,37002,0.0294,0.0138,0.0099,0.004,0.2293,0.0276,0.0146,0.013,320.45,41.190946133,Dentergem,Dentergem,Vlaams Gewest,16660
37007,37007,0.0276,0.024,0.0147,0.0093,0.2024,0.0384,0.0172,0.0212,378.22,41.7541036,Meulebeke,Meulebeke,Vlaams Gewest,15942
37010,37010,0.0281,0.0164,0.0095,0.0069,0.2124,0.0285,0.013,0.0155,453.98,40.964885049,Oostrozebeke,Oostrozebeke,Vlaams Gewest,16176
37011,37011,0.0253,0.0251,0.0163,0.0088,0.2191,0.0339,0.0195,0.0144,195.58,41.245995913,Pittem,Pittem,Vlaams Gewest,16048
37012,37012,0.0242,0.0242,0.0194,0.0048,0.2494,0.0322,0.0222,0.01,172.64,41.887753422,Ruiselede,Ruiselede,Vlaams Gewest,16346
37015,37015,0.0322,0.0276,0.0124,0.0152,0.2669,0.0493,0.0151,0.0342,288.73,42.67396921,Tielt (Tielt),Tielt (Tielt),Vlaams Gewest,17059
37017,37017,0.0352,0.0181,0.0107,0.0074,0.2176,0.0392,0.013,0.0263,421.73,39.802552096,Wielsbeke,Wielsbeke,Vlaams Gewest,16262
37018,37018,0.0232,0.0219,0.0091,0.0128,0.2178,0.0302,0.0121,0.0181,204.85,40.913847328,Wingene,Wingene,Vlaams Gewest,16196
35002,35002,0.0569,0.0272,0.0149,0.0123,0.2023,0.0581,0.0298,0.0283,1254.75,42.043570019,Bredene,Bredene,Vlaams Gewest,17339
35029,35029,0.0696,0.0334,0.0242,0.0093,0.259,0.0594,0.0376,0.0219,297.21,47.737697934,De Haan,De Haan,Vlaams Gewest,18918
35005,35005,0.0397,0.0186,0.0105,0.0081,0.2478,0.0365,0.0198,0.0167,279.41,41.015210285,Gistel,Gistel,Vlaams Gewest,16566
35006,35006,0.035,0.0119,0.0061,0.0058,0.186,0.0235,0.0129,0.0106,306.12,41.24699715,Ichtegem,Ichtegem,Vlaams Gewest,15925
35011,35011,0.0641,0.0219,0.0142,0.0077,0.1822,0.053,0.0312,0.0217,249.85,47.99560517,Middelkerke,Middelkerke,Vlaams Gewest,16514
35013,35013,0.0914,0.0642,0.0235,0.0407,0.2249,0.1134,0.0398,0.0735,1855.06,46.72796494,Oostende,Ostende,Vlaams Gewest,16733
35014,35014,0.0357,0.013,0.0062,0.0068,0.2119,0.0305,0.0159,0.0146,256.08,42.649478549,Oudenburg,Oudenburg,Vlaams Gewest,16790
33039,33039,0.0435,0.0665,0.0612,0.0052,0.195,0.0857,0.0742,0.0115,84.93,41.61405553,Heuvelland,Heuvelland,Vlaams Gewest,14856
33040,33040,0.0352,0.0281,0.0098,0.0183,0.2001,0.0409,0.0192,0.0217,151.57,40.281589039,Langemark-Poelkapelle,Langemark-Poelkapelle,Vlaams Gewest,15086
33016,33016,0.0957,0.1407,0.1333,0.0074,0.1097,0.1767,0.163,0.0138,264.09,41.429903713,Mesen,Messines,Vlaams Gewest,12894
33021,33021,0.0408,0.0216,0.0133,0.0083,0.2267,0.0381,0.0239,0.0141,167.69,41.976193826,Poperinge,Poperinge,Vlaams Gewest,15205
33041,33041,0.0298,0.0118,0.0078,0.004,0.1954,0.0272,0.0172,0.01,97.41,41.11435434,Vleteren,Vleteren,Vlaams Gewest,14168
33029,33029,0.0496,0.0493,0.0412,0.0081,0.198,0.0712,0.0531,0.0181,419.1,41.579611126,Wervik,Wervik,Vlaams Gewest,15404
33011,33011,0.0495,0.0341,0.0172,0.0169,0.2472,0.0561,0.0281,0.0279,269.64,42.940286626,Ieper,Ypres,Vlaams Gewest,16395
33037,33037,0.0317,0.012,0.0088,0.0032,0.2194,0.0276,0.019,0.0086,182.28,40.522748897,Zonnebeke,Zonnebeke,Vlaams Gewest,15766
44001,44001,0.0276,0.0185,0.0102,0.0083,0.3098,0.0324,0.0154,0.017,240.9,41.3381656,Aalter,Aalter,Vlaams Gewest,18928
44012,44012,0.0214,0.0171,0.0121,0.005,0.4873,0.0412,0.0198,0.0214,572.17,42.727438641,De Pinte,De Pinte,Vlaams Gewest,23611
44011,44011,0.0302,0.0278,0.0165,0.0113,0.2999,0.0464,0.0212,0.0251,391.25,41.828995872,Deinze,Deinze,Vlaams Gewest,18274
44013,44013,0.0331,0.0286,0.0194,0.0092,0.3604,0.0539,0.0248,0.0291,665.24,42.760375679,Destelbergen,Destelbergen,Vlaams Gewest,20890
44019,44019,0.0349,0.0185,0.0126,0.006,0.2245,0.0363,0.0203,0.016,443.46,42.115787476,Evergem,Evergem,Vlaams Gewest,18438
44021,44021,0.0762,0.1201,0.0604,0.0598,0.361,0.1787,0.0576,0.1211,1590.19,40.016253617,Gent,Gand,Vlaams Gewest,17189
44020,44020,0.0301,0.0133,0.008,0.0053,0.2832,0.0257,0.014,0.0117,397.4,41.87990292,Gavere,Gavere,Vlaams Gewest,19610
44029,44029,0.0379,0.0191,0.0142,0.0049,0.2136,0.0287,0.0166,0.0121,219.64,42.171440494,Knesselare,Knesselare,Vlaams Gewest,16946
44034,44034,0.0286,0.0169,0.0112,0.0058,0.3029,0.0329,0.017,0.0159,358.21,40.666705314,Lochristi,Lochristi,Vlaams Gewest,19584
44036,44036,0.0339,0.0241,0.0156,0.0085,0.321,0.0421,0.0227,0.0194,487.66,43.714645806,Lovendegem,Lovendegem,Vlaams Gewest,20495
44040,44040,0.034,0.0272,0.0143,0.0129,0.3647,0.0463,0.0188,0.0276,715.1,41.894323455,Melle,Melle,Vlaams Gewest,19558
44043,44043,0.0312,0.0241,0.0165,0.0076,0.3608,0.0441,0.0215,0.0226,638.58,41.488043809,Merelbeke,Merelbeke,Vlaams Gewest,20509
44045,44045,0.0386,0.0278,0.0242,0.0036,0.238,0.0535,0.0416,0.0119,159.71,41.629401851,Moerbeke (Gent),Moerbeke (Gand),Vlaams Gewest,18031
44048,44048,0.0254,0.016,0.0107,0.0053,0.3229,0.0342,0.0168,0.0174,320.04,42.2992652,Nazareth,Nazareth,Vlaams Gewest,19322
44049,44049,0.0257,0.0178,0.01,0.0079,0.322,0.0289,0.0136,0.0153,230.33,40.937927218,Nevele,Nevele,Vlaams Gewest,18367
44052,44052,0.0275,0.0101,0.0054,0.0047,0.3297,0.0233,0.0102,0.0132,310.13,41.303504983,Oosterzele,Oosterzele,Vlaams Gewest,19360
44064,44064,0.0282,0.034,0.0249,0.0091,0.5206,0.0638,0.0341,0.0297,584.99,43.916626681,Sint-Martens-Latem,Sint-Martens-Latem,Vlaams Gewest,25375
44072,44072,0.0423,0.0151,0.0087,0.0064,0.2145,0.0332,0.0154,0.0179,362.41,43.00359338,Waarschoot,Waarschoot,Vlaams Gewest,17590
44073,44073,0.0475,0.0388,0.0304,0.0084,0.221,0.068,0.0451,0.0229,209.51,42.372522799,Wachtebeke,Wachtebeke,Vlaams Gewest,17702
44080,44080,0.0292,0.013,0.0086,0.0044,0.2654,0.0253,0.0138,0.0115,210.72,43.454998176,Zomergem,Zomergem,Vlaams Gewest,17980
44081,44081,0.0316,0.0174,0.0102,0.0072,0.2583,0.0281,0.0132,0.0149,465.2,40.61811659,Zulte,Zulte,Vlaams Gewest,17529
46003,46003,0.0438,0.0264,0.0155,0.0109,0.2319,0.0512,0.0246,0.0267,310.21,41.811202104,Beveren (Sint-Niklaas),Beveren (Saint-Nicolas),Vlaams Gewest,18856
46013,46013,0.0431,0.0294,0.0167,0.0128,0.2343,0.0514,0.021,0.0304,478.52,41.157511465,Kruibeke,Kruibeke,Vlaams Gewest,18015
46014,46014,0.0534,0.0549,0.016,0.0389,0.2562,0.0919,0.0195,0.0725,587.03,39.732169736,Lokeren,Lokeren,Vlaams Gewest,17088
46021,46021,0.0596,0.058,0.0212,0.0367,0.2509,0.1075,0.0279,0.0795,867.99,41.567219979,Sint-Niklaas (Sint-Niklaas),Saint-Nicolas (Saint-Nicolas),Vlaams Gewest,16792
46020,46020,0.0346,0.0338,0.0243,0.0095,0.242,0.0669,0.0401,0.0267,342.12,40.64333956,Sint-Gillis-Waas,Sint-Gillis-Waas,Vlaams Gewest,17955
46024,46024,0.0413,0.0379,0.0305,0.0075,0.2155,0.0696,0.0512,0.0185,389.48,41.526454743,Stekene,Stekene,Vlaams Gewest,17534
46025,46025,0.0549,0.0417,0.0169,0.0248,0.2493,0.0851,0.0221,0.063,716.11,40.092818807,Temse,Tamise,Vlaams Gewest,17559
42003,42003,0.0369,0.0121,0.0077,0.0045,0.225,0.0285,0.015,0.0135,385.72,41.503262431,Berlare,Berlare,Vlaams Gewest,18013
42004,42004,0.0349,0.0167,0.0102,0.0065,0.2758,0.0319,0.0126,0.0193,561.63,41.985379439,Buggenhout,Buggenhout,Vlaams Gewest,19280
42008,42008,0.048,0.0299,0.0126,0.0172,0.2124,0.0592,0.0179,0.0413,602.28,40.893970735,Hamme (Dendermonde),Hamme (Termonde),Vlaams Gewest,16604
42010,42010,0.0307,0.012,0.0067,0.0053,0.2953,0.026,0.0116,0.0144,381.03,41.981231097,Laarne,Laarne,Vlaams Gewest,19357
42011,42011,0.0348,0.024,0.0113,0.0127,0.252,0.0437,0.0139,0.0298,678.66,41.541566828,Lebbeke,Lebbeke,Vlaams Gewest,17846
42006,42006,0.0452,0.0253,0.0107,0.0146,0.2506,0.0534,0.0164,0.037,796.02,42.412502012,Dendermonde,Termonde,Vlaams Gewest,18048
42023,42023,0.0358,0.029,0.0146,0.0144,0.3272,0.0499,0.0202,0.0298,329.45,42.205453539,Waasmunster,Waasmunster,Vlaams Gewest,19578
42025,42025,0.0468,0.0313,0.0108,0.0205,0.2544,0.058,0.0156,0.0424,652.18,42.226841536,Wetteren,Wetteren,Vlaams Gewest,18059
42026,42026,0.036,0.0174,0.0089,0.0084,0.25,0.0312,0.0135,0.0177,494.19,42.051327283,Wichelen,Wichelen,Vlaams Gewest,18561
42028,42028,0.0482,0.0477,0.0193,0.0284,0.2085,0.0897,0.0235,0.0662,628.55,40.168253591,Zele,Zele,Vlaams Gewest,16062
41002,41002,0.0571,0.0497,0.02,0.0297,0.2691,0.0868,0.0209,0.0659,1040.59,42.34798179,Aalst (Aalst),Alost (Alost),Vlaams Gewest,18194
41011,41011,0.0463,0.0452,0.022,0.0232,0.2428,0.0817,0.0193,0.0624,1371.46,40.843745689,Denderleeuw,Denderleeuw,Vlaams Gewest,17983
41082,41082,0.0389,0.0147,0.0071,0.0076,0.2813,0.032,0.0113,0.0207,570.63,43.163954806,Erpe-Mere,Erpe-Mere,Vlaams Gewest,19872
41018,41018,0.0458,0.0343,0.0149,0.0193,0.2182,0.058,0.0171,0.0409,407.42,42.248714257,Geraardsbergen,Grammont,Vlaams Gewest,17229
41024,41024,0.0348,0.0161,0.01,0.0061,0.2567,0.03,0.0126,0.0174,583.12,42.662972671,Haaltert,Haaltert,Vlaams Gewest,19012
41027,41027,0.0369,0.0129,0.0049,0.008,0.2528,0.0245,0.0095,0.0151,363.8,41.653497885,Herzele,Herzele,Vlaams Gewest,18843
41034,41034,0.0392,0.0112,0.0058,0.0055,0.2755,0.027,0.0102,0.0168,602.86,42.289413468,Lede,Lede,Vlaams Gewest,18616
41048,41048,0.0458,0.0333,0.0164,0.0169,0.2336,0.0587,0.0175,0.0413,511.64,41.95905198,Ninove,Ninove,Vlaams Gewest,17857
41063,41063,0.0322,0.0127,0.0083,0.0044,0.2446,0.024,0.0121,0.0119,370.31,41.957050713,Sint-Lievens-Houtem,Sint-Lievens-Houtem,Vlaams Gewest,18464
41081,41081,0.0333,0.0158,0.0083,0.0075,0.2741,0.0265,0.0114,0.0151,442.75,43.742745769,Zottegem,Zottegem,Vlaams Gewest,19497
45035,45035,0.0389,0.0298,0.0137,0.0161,0.2934,0.0468,0.0182,0.0286,441.15,42.326555917,Oudenaarde,Audenarde,Vlaams Gewest,18442
45059,45059,0.0382,0.0125,0.0078,0.0047,0.2337,0.0258,0.0118,0.014,251.33,43.396082496,Brakel,Brakel,Vlaams Gewest,18147
45062,45062,0.018,0.0159,0.0125,0.0034,0.3302,0.0259,0.0168,0.0091,185.86,43.666327463,Horebeke,Horebeke,Vlaams Gewest,18429
45060,45060,0.0334,0.0139,0.0073,0.0066,0.2526,0.0294,0.0136,0.0159,213.62,40.992161996,Kluisbergen,Kluisbergen,Vlaams Gewest,17797
45017,45017,0.0248,0.0145,0.01,0.0044,0.315,0.0238,0.0138,0.0099,174.57,41.564681615,Kruishoutem,Kruishoutem,Vlaams Gewest,18358
45063,45063,0.0336,0.0089,0.0029,0.006,0.2502,0.0215,0.0069,0.0146,248.83,42.152569944,Lierde,Lierde,Vlaams Gewest,18107
45064,45064,0.0303,0.0112,0.0068,0.0043,0.3173,0.0232,0.0108,0.0124,141.52,43.292996664,Maarkedal,Maarkedal,Vlaams Gewest,18900
45041,45041,0.0906,0.0617,0.0278,0.0339,0.2086,0.124,0.0297,0.0944,730.88,40.086178572,Ronse,Renaix,Vlaams Gewest,14311
45061,45061,0.0292,0.0135,0.0097,0.0038,0.3349,0.0239,0.0138,0.01,149.72,41.364687501,Wortegem-Petegem,Wortegem-Petegem,Vlaams Gewest,19512
45057,45057,0.0296,0.011,0.0075,0.0035,0.2849,0.0218,0.0117,0.0101,301.2,40.930058839,Zingem,Zingem,Vlaams Gewest,18371
45065,45065,0.0316,0.011,0.0077,0.0033,0.2847,0.0202,0.01,0.0102,239.52,41.642928877,Zwalm,Zwalm,Vlaams Gewest,19117
43002,43002,0.0439,0.0296,0.0217,0.0078,0.2108,0.0503,0.0338,0.0165,159.31,42.806198596,Assenede,Assenede,Vlaams Gewest,17642
43005,43005,0.063,0.0376,0.0176,0.02,0.2177,0.0632,0.0249,0.0383,676.43,42.823718077,Eeklo,Eeklo,Vlaams Gewest,16886
43007,43007,0.033,0.0206,0.016,0.0046,0.2466,0.0354,0.0241,0.0113,187.06,42.395092601,Kaprijke,Kaprijke,Vlaams Gewest,18615
43010,43010,0.0383,0.0292,0.0177,0.0115,0.2131,0.0509,0.0315,0.0194,243.95,42.343248415,Maldegem,Maldegem,Vlaams Gewest,16734
43014,43014,0.0373,0.0371,0.0332,0.004,0.2224,0.0666,0.0579,0.0087,87.87,43.646470874,Sint-Laureins,Sint-Laureins,Vlaams Gewest,17014
43018,43018,0.0578,0.0721,0.051,0.0211,0.1451,0.1123,0.0645,0.0478,918.03,42.759313721,Zelzate,Zelzate,Vlaams Gewest,16624
71002,71002,0.0592,0.0638,0.0524,0.0114,0.2601,0.0913,0.0658,0.0254,356.48,40.432614116,As,As,Vlaams Gewest,16626
71004,71004,0.0602,0.0505,0.0293,0.0211,0.2159,0.1179,0.0368,0.081,552.49,39.906721896,Beringen,Beringen,Vlaams Gewest,15550
71034,71034,0.069,0.0606,0.0351,0.0255,0.1892,0.1361,0.0689,0.0672,672.01,41.302538738,Leopoldsburg,Bourg-Léopold,Vlaams Gewest,15763
71011,71011,0.045,0.0337,0.0198,0.014,0.2848,0.0537,0.028,0.0257,443.63,41.201426477,Diepenbeek,Diepenbeek,Vlaams Gewest,17469
71016,71016,0.0933,0.1307,0.0932,0.0374,0.2021,0.204,0.0953,0.1087,740.44,40.294997273,Genk,Genk,Vlaams Gewest,14807
71017,71017,0.0413,0.0266,0.0152,0.0114,0.2223,0.0488,0.0249,0.0238,145.52,41.853724548,Gingelom,Gingelom,Vlaams Gewest,17278
71020,71020,0.0491,0.0303,0.0212,0.0091,0.2573,0.0528,0.0269,0.0259,255.05,42.324685941,Halen,Halen,Vlaams Gewest,17004
71069,71069,0.0488,0.0406,0.0275,0.0131,0.2218,0.072,0.0401,0.0319,318.05,40.879057272,Ham,Ham,Vlaams Gewest,16716
71022,71022,0.0568,0.0544,0.0266,0.0279,0.3433,0.095,0.0337,0.0612,723.11,43.107036578,Hasselt,Hasselt,Vlaams Gewest,18575
71024,71024,0.0376,0.025,0.015,0.01,0.2978,0.0421,0.0189,0.0232,286.75,41.619774039,Herk-de-Stad,Herck-la-Ville,Vlaams Gewest,17944
71070,71070,0.0601,0.0698,0.0393,0.0305,0.2393,0.1505,0.0437,0.1068,602.42,39.911220825,Heusden-Zolder,Heusden-Zolder,Vlaams Gewest,15655
71037,71037,0.0428,0.0277,0.0206,0.007,0.2709,0.0483,0.0263,0.022,268.69,42.248189396,Lummen,Lummen,Vlaams Gewest,17779
71045,71045,0.0406,0.0211,0.0118,0.0093,0.2392,0.0375,0.0169,0.0206,298.07,42.6917497,Nieuwerkerken (Hasselt),Nieuwerkerken (Hasselt),Vlaams Gewest,17337
71047,71047,0.0487,0.0542,0.0492,0.005,0.2475,0.0712,0.0512,0.0199,405.42,39.207859536,Opglabbeek,Opglabbeek,Vlaams Gewest,16158
71053,71053,0.0538,0.0533,0.0186,0.0346,0.2347,0.0915,0.0257,0.0657,375.41,43.067511,Sint-Truiden,Saint-Trond,Vlaams Gewest,17212
71057,71057,0.0445,0.0245,0.0151,0.0094,0.2521,0.0549,0.0262,0.0287,349.84,41.248766329,Tessenderlo,Tessenderlo,Vlaams Gewest,17896
71066,71066,0.05,0.0398,0.0265,0.0133,0.2785,0.0657,0.0343,0.0314,530.21,40.917740519,Zonhoven,Zonhoven,Vlaams Gewest,17278
71067,71067,0.0525,0.1082,0.0936,0.0146,0.2754,0.1336,0.1036,0.03,220.6,41.66673508,Zutendaal,Zutendaal,Vlaams Gewest,17513
72003,72003,0.0445,0.124,0.1119,0.0122,0.2051,0.1399,0.1137,0.0262,214.53,41.378680334,Bocholt,Bocholt,Vlaams Gewest,15180
72004,72004,0.0477,0.0631,0.0531,0.01,0.2667,0.0849,0.0607,0.0242,234.96,41.848588436,Bree,Bree,Vlaams Gewest,16214
72041,72041,0.0624,0.1154,0.1015,0.0139,0.2096,0.1504,0.1096,0.0408,302.84,40.598522642,Dilsen-Stokkem,Dilsen-Stokkem,Vlaams Gewest,15198
72037,72037,0.0494,0.3116,0.2983,0.0133,0.2043,0.3204,0.2869,0.0335,325.22,42.633022446,Hamont-Achel,Hamont-Achel,Vlaams Gewest,14950
72038,72038,0.0439,0.102,0.0891,0.0129,0.2463,0.1286,0.0997,0.0289,154.97,40.693291181,Hechtel-Eksel,Hechtel-Eksel,Vlaams Gewest,16315
72039,72039,0.0732,0.0949,0.0707,0.0241,0.1947,0.1513,0.073,0.0782,387.84,39.548826961,Houthalen-Helchteren,Houthalen-Helchteren,Vlaams Gewest,14912
72018,72018,0.05,0.1753,0.1678,0.0075,0.1988,0.2086,0.1875,0.0212,224.43,41.073258589,Kinrooi,Kinrooi,Vlaams Gewest,15060
72020,72020,0.0485,0.1555,0.1437,0.0117,0.234,0.1754,0.1421,0.0333,324.56,41.414214057,Lommel,Lommel,Vlaams Gewest,16173
72021,72021,0.0531,0.1419,0.1273,0.0147,0.2376,0.1689,0.132,0.0369,321.75,41.496091689,Maaseik,Maaseik,Vlaams Gewest,16258
72040,72040,0.0404,0.0559,0.0443,0.0116,0.2606,0.0675,0.0483,0.0191,141.65,40.540676701,Meeuwen-Gruitrode,Meeuwen-Gruitrode,Vlaams Gewest,16170
72025,72025,0.0523,0.179,0.1688,0.0102,0.2458,0.1931,0.1637,0.0294,387.77,41.791839049,Neerpelt,Neerpelt,Vlaams Gewest,16235
72029,72029,0.045,0.1216,0.1048,0.0169,0.2627,0.139,0.1053,0.0337,350.06,41.183726525,Overpelt,Overpelt,Vlaams Gewest,16227
72030,72030,0.0388,0.048,0.0385,0.0095,0.2484,0.0673,0.0493,0.018,186.14,40.501575989,Peer,Peer,Vlaams Gewest,16247
73001,73001,0.0368,0.0256,0.0112,0.0143,0.2954,0.047,0.0181,0.0288,401.61,41.870259988,Alken,Alken,Vlaams Gewest,17884
73006,73006,0.0548,0.0636,0.0461,0.0175,0.2592,0.0947,0.0518,0.0429,411.98,41.260061084,Bilzen,Bilzen,Vlaams Gewest,16419
73109,73109,0.043,0.276,0.2608,0.0152,0.2315,0.3031,0.2733,0.0298,82.96,42.497195132,Voeren,Fourons,Vlaams Gewest,16158
73022,73022,0.053,0.034,0.0186,0.0154,0.2018,0.0549,0.025,0.0298,133.91,42.650013481,Heers,Heers,Vlaams Gewest,16155
73028,73028,0.0465,0.0353,0.0353,.,0.2836,0.0588,0.0471,0.0118,62.75,46.056159408,Herstappe,Herstappe,Vlaams Gewest,19501
73032,73032,0.0462,0.0291,0.021,0.0081,0.2526,0.049,0.028,0.021,320.04,41.532580016,Hoeselt,Hoeselt,Vlaams Gewest,16889
73040,73040,0.0572,0.0248,0.0181,0.0067,0.2791,0.0479,0.026,0.0218,245.9,41.304443434,Kortessem,Kortessem,Vlaams Gewest,17699
73042,73042,0.0607,0.301,0.2754,0.0256,0.2176,0.3206,0.2751,0.0454,436.93,42.435798193,Lanaken,Lanaken,Vlaams Gewest,17080
73009,73009,0.0426,0.0381,0.0225,0.0157,0.2364,0.061,0.0255,0.0355,204.88,43.510802285,Borgloon,Looz,Vlaams Gewest,16966
73107,73107,0.0968,0.1903,0.1621,0.0283,0.166,0.248,0.1569,0.0911,488.01,40.462201088,Maasmechelen,Maasmechelen,Vlaams Gewest,14223
73066,73066,0.0436,0.1883,0.1791,0.0092,0.2482,0.2037,0.178,0.0256,280.46,42.569025332,Riemst,Riemst,Vlaams Gewest,16179
73083,73083,0.0595,0.0491,0.0332,0.0159,0.2417,0.0781,0.0421,0.0359,346.89,43.397754942,Tongeren,Tongres,Vlaams Gewest,17076
73098,73098,0.0511,0.0206,0.0126,0.008,0.2322,0.0358,0.0176,0.0183,276.6,41.571790823,Wellen,Wellen,Vlaams Gewest,17372
12002,12002,0.0436,0.0197,0.0121,0.0076,0.249,0.0373,0.0156,0.0217,443.6,42.614884236,Berlaar,Berlaar,Vlaams Gewest,17530
12005,12005,0.0329,0.0264,0.019,0.0074,0.3967,0.0471,0.0243,0.0227,501.8,44.05872316,Bonheiden,Bonheiden,Vlaams Gewest,21958
12007,12007,0.0383,0.0186,0.011,0.0076,0.2733,0.0388,0.0148,0.024,453.23,42.319410836,Bornem,Bornem,Vlaams Gewest,19399
12009,12009,0.0356,0.0284,0.0168,0.0116,0.3055,0.0474,0.0219,0.0254,738.76,41.863366286,Duffel,Duffel,Vlaams Gewest,18778
12014,12014,0.0461,0.018,0.0102,0.0078,0.2423,0.0322,0.0148,0.0173,465.89,42.722430497,Heist-op-den-Berg,Heist-op-den-Berg,Vlaams Gewest,17737
12021,12021,0.052,0.0462,0.0202,0.026,0.2877,0.0778,0.027,0.0508,688.09,42.542602259,Lier,Lierre,Vlaams Gewest,18303
12025,12025,0.0665,0.0935,0.0292,0.0643,0.3153,0.1526,0.0316,0.121,1261.05,39.948105258,Mechelen,Malines,Vlaams Gewest,17528
12026,12026,0.0427,0.0141,0.0084,0.0057,0.2582,0.0283,0.0137,0.0146,558.51,42.131314825,Nijlen,Nijlen,Vlaams Gewest,17716
12029,12029,0.0408,0.0216,0.0124,0.0092,0.2585,0.0348,0.0143,0.0205,474.66,42.886448403,Putte,Putte,Vlaams Gewest,18079
12030,12030,0.027,0.0186,0.0096,0.009,0.2931,0.0367,0.0132,0.0236,497.83,41.59740228,Puurs,Puurs,Vlaams Gewest,19318
12034,12034,0.0334,0.0247,0.0122,0.0125,0.2838,0.0534,0.0136,0.0398,523.18,41.760925914,Sint-Amands,Sint-Amands,Vlaams Gewest,18400
12035,12035,0.0347,0.0303,0.0209,0.0094,0.3076,0.0523,0.0239,0.0284,563.79,42.094371497,Sint-Katelijne-Waver,Sint-Katelijne-Waver,Vlaams Gewest,19092
12040,12040,0.0599,0.0483,0.0181,0.0303,0.2373,0.1062,0.0228,0.0833,896.5,40.738784627,Willebroek,Willebroek,Vlaams Gewest,17255
13001,13001,0.0542,0.1575,0.1195,0.038,0.2102,0.1684,0.12,0.0485,238.83,39.851614876,Arendonk,Arendonk,Vlaams Gewest,16072
13002,13002,0.0417,0.4844,0.4714,0.0131,0.1799,0.4637,0.4349,0.0288,348.05,40.22839496,Baarle-Hertog,Baerle-Duc,Vlaams Gewest,15240
13003,13003,0.0518,0.0458,0.0391,0.0067,0.2259,0.0602,0.0429,0.0173,292.79,41.573462052,Balen,Balen,Vlaams Gewest,16824
13004,13004,0.0487,0.0503,0.042,0.0083,0.2514,0.0617,0.0426,0.0191,455.07,39.76031393,Beerse,Beerse,Vlaams Gewest,18112
13006,13006,0.0446,0.0455,0.0394,0.0061,0.2146,0.0612,0.0434,0.0177,339.8,41.223373006,Dessel,Dessel,Vlaams Gewest,16608
13008,13008,0.0491,0.0467,0.029,0.0177,0.2946,0.0674,0.0293,0.0382,341.64,41.731207565,Geel,Geel,Vlaams Gewest,18219
13010,13010,0.0486,0.0236,0.0183,0.0053,0.2672,0.0427,0.0244,0.0183,389.89,42.059225386,Grobbendonk,Grobbendonk,Vlaams Gewest,18430
13011,13011,0.0559,0.0366,0.0197,0.0169,0.2554,0.0618,0.0268,0.035,559.69,42.519214102,Herentals,Herentals,Vlaams Gewest,18073
13012,13012,0.0439,0.0264,0.0181,0.0084,0.2223,0.0372,0.0219,0.0153,371.16,42.504509747,Herenthout,Herenthout,Vlaams Gewest,17018
13013,13013,0.0499,0.0221,0.0161,0.006,0.2201,0.0358,0.0206,0.0152,275.23,43.157920446,Herselt,Herselt,Vlaams Gewest,17464
13014,13014,0.0302,0.2425,0.23,0.0126,0.2371,0.2462,0.2206,0.0256,190.58,40.404679263,Hoogstraten,Hoogstraten,Vlaams Gewest,16434
13016,13016,0.0555,0.0174,0.0103,0.0071,0.2173,0.035,0.0166,0.0184,575.71,41.406803823,Hulshout,Hulshout,Vlaams Gewest,17623
13017,13017,0.0393,0.0336,0.0267,0.0069,0.2709,0.0472,0.029,0.0182,254.03,41.378561076,Kasterlee,Kasterlee,Vlaams Gewest,18369
13053,13053,0.0456,0.0221,0.0175,0.0046,0.2062,0.038,0.025,0.013,363.41,42.394277539,Laakdal,Laakdal,Vlaams Gewest,17512
13019,13019,0.0419,0.0267,0.0203,0.0065,0.2508,0.0357,0.0224,0.0133,276.02,40.648471261,Lille,Lille,Vlaams Gewest,17732
13021,13021,0.0501,0.0271,0.0169,0.0102,0.2296,0.0377,0.0188,0.0188,270.54,42.40972497,Meerhout,Meerhout,Vlaams Gewest,17261
13023,13023,0.0351,0.0786,0.0623,0.0162,0.2463,0.0906,0.0657,0.0249,193.92,39.530198273,Merksplas,Merksplas,Vlaams Gewest,16745
13025,13025,0.0529,0.0774,0.0566,0.0208,0.2943,0.1018,0.0548,0.047,302.21,42.216362771,Mol,Mol,Vlaams Gewest,17780
13029,13029,0.0476,0.0194,0.0109,0.0086,0.2464,0.0355,0.0159,0.0196,508.92,40.677879002,Olen,Olen,Vlaams Gewest,17782
13031,13031,0.0426,0.1196,0.1125,0.007,0.2714,0.1283,0.1073,0.021,333.13,42.549870011,Oud-Turnhout,Oud-Turnhout,Vlaams Gewest,18794
13035,13035,0.0428,0.3016,0.2889,0.0127,0.1905,0.2954,0.2697,0.0257,152.17,41.311652052,Ravels,Ravels,Vlaams Gewest,16474
13036,13036,0.0414,0.0859,0.0755,0.0104,0.2461,0.0928,0.072,0.0208,224.04,40.830044349,Retie,Retie,Vlaams Gewest,16925
13037,13037,0.0395,0.0535,0.0466,0.0069,0.191,0.064,0.0496,0.0144,241.38,39.918069989,Rijkevorsel,Rijkevorsel,Vlaams Gewest,16089
13040,13040,0.0777,0.1125,0.0755,0.0371,0.2514,0.1521,0.0726,0.0795,738.18,41.982245749,Turnhout,Turnhout,Vlaams Gewest,16707
13044,13044,0.0567,0.0158,0.0115,0.0042,0.243,0.029,0.0148,0.0142,273.69,41.303104754,Vorselaar,Vorselaar,Vlaams Gewest,18030
13046,13046,0.0412,0.0525,0.0434,0.009,0.2941,0.0658,0.042,0.0238,886.31,41.042687772,Vosselaar,Vosselaar,Vlaams Gewest,19611
13049,13049,0.0465,0.0246,0.0161,0.0085,0.2563,0.0411,0.0194,0.0217,439.39,41.494638749,Westerlo,Westerlo,Vlaams Gewest,18028
11001,11001,0.0308,0.0324,0.0187,0.0137,0.3474,0.0622,0.0241,0.038,1311.99,44.04733483,Aartselaar,Aartselaar,Vlaams Gewest,21885
11002,11002,0.099,0.1788,0.0795,0.0993,0.2564,0.2576,0.0732,0.1844,2437.35,39.834813961,Antwerpen,Anvers,Vlaams Gewest,14834
11004,11004,0.0341,0.0301,0.0166,0.0135,0.3782,0.0492,0.0218,0.0274,617.96,41.518498655,Boechout,Boechout,Vlaams Gewest,20050
11005,11005,0.0627,0.0772,0.0335,0.0438,0.2092,0.1354,0.033,0.1024,2313.8,40.615628892,Boom,Boom,Vlaams Gewest,15940
11007,11007,0.0489,0.0646,0.0358,0.0288,0.2483,0.0939,0.0366,0.0573,2611.86,42.056841112,Borsbeek,Borsbeek,Vlaams Gewest,18132
11008,11008,0.0395,0.0882,0.0692,0.019,0.3254,0.1135,0.0725,0.041,967.82,43.602001748,Brasschaat,Brasschaat,Vlaams Gewest,20684
11009,11009,0.036,0.0495,0.0426,0.0069,0.2411,0.0658,0.046,0.0198,306.58,40.682056931,Brecht,Brecht,Vlaams Gewest,18742
11013,11013,0.039,0.0508,0.0274,0.0234,0.3855,0.09,0.0335,0.0565,2447.7,44.537157326,Edegem,Edegem,Vlaams Gewest,21313
11016,11016,0.0388,0.2093,0.1927,0.0166,0.2354,0.2271,0.1921,0.035,378.31,40.558166583,Essen,Essen,Vlaams Gewest,16472
11018,11018,0.0436,0.034,0.0167,0.0173,0.2161,0.0682,0.0237,0.0446,1902.47,40.453783774,Hemiksem,Hemiksem,Vlaams Gewest,17059
11021,11021,0.0351,0.0223,0.0153,0.0071,0.4668,0.0464,0.0215,0.0249,1369.31,43.034872144,Hove (Antwerpen),Hove (Anvers),Vlaams Gewest,23019
11022,11022,0.0321,0.1088,0.099,0.0098,0.32,0.1247,0.0999,0.0247,302.12,41.5650161,Kalmthout,Kalmthout,Vlaams Gewest,18324
11023,11023,0.0416,0.1018,0.0742,0.0276,0.3141,0.1273,0.0809,0.0463,725.62,43.303487899,Kapellen (Antwerpen),Kapellen (Anvers),Vlaams Gewest,20823
11024,11024,0.0352,0.0342,0.0191,0.0151,0.3537,0.0613,0.0253,0.036,871.65,41.575653669,Kontich,Kontich,Vlaams Gewest,20634
11025,11025,0.0301,0.0331,0.0103,0.0229,0.3681,0.0536,0.019,0.0346,1556.12,39.485124919,Lint,Lint,Vlaams Gewest,20066
11057,11057,0.0327,0.0375,0.028,0.0095,0.2868,0.0516,0.0292,0.0223,281.71,41.219005568,Malle,Malle,Vlaams Gewest,17783
11029,11029,0.0481,0.0574,0.0304,0.0271,0.3916,0.0897,0.0333,0.0564,3198.41,42.219131375,Mortsel,Mortsel,Vlaams Gewest,19308
11030,11030,0.0432,0.0321,0.0181,0.014,0.1885,0.0578,0.0252,0.0326,1784.93,40.399108606,Niel,Niel,Vlaams Gewest,16755
11035,11035,0.029,0.0393,0.0132,0.0262,0.3166,0.0522,0.0166,0.0355,431.47,41.515074616,Ranst,Ranst,Vlaams Gewest,19420
11037,11037,0.0334,0.024,0.0124,0.0115,0.2853,0.0474,0.0192,0.0282,742.57,41.916371381,Rumst,Rumst,Vlaams Gewest,19684
11038,11038,0.0309,0.0214,0.0127,0.0086,0.25,0.0377,0.0167,0.021,1038.33,41.275038415,Schelle,Schelle,Vlaams Gewest,18816
11039,11039,0.038,0.0873,0.0772,0.0101,0.3898,0.1089,0.0763,0.0326,540.19,44.497852184,Schilde,Schilde,Vlaams Gewest,22840
11040,11040,0.0505,0.0572,0.0415,0.0157,0.2738,0.0893,0.0463,0.043,1137.48,42.795274732,Schoten,Schoten,Vlaams Gewest,19385
11044,11044,0.0433,0.0326,0.0261,0.0065,0.208,0.0609,0.0392,0.0217,835.24,40.320302881,Stabroek,Stabroek,Vlaams Gewest,19459
11050,11050,0.0356,0.0382,0.025,0.0133,0.2884,0.0626,0.0293,0.0334,1152.08,43.629337124,Wijnegem,Wijnegem,Vlaams Gewest,18948
11052,11052,0.0374,0.04,0.0235,0.0165,0.2637,0.0661,0.0271,0.039,953.75,42.315732231,Wommelgem,Wommelgem,Vlaams Gewest,18830
11053,11053,0.0354,0.0734,0.0648,0.0085,0.2221,0.0868,0.0671,0.0197,216.77,39.62109417,Wuustwezel,Wuustwezel,Vlaams Gewest,16991
11054,11054,0.0342,0.0222,0.0159,0.0063,0.2934,0.036,0.0199,0.0161,312.74,42.577903058,Zandhoven,Zandhoven,Vlaams Gewest,19129
11055,11055,0.0322,0.0371,0.0283,0.0088,0.3397,0.0576,0.0341,0.0235,555.1,42.505260404,Zoersel,Zoersel,Vlaams Gewest,19846
11056,11056,0.0475,0.0351,0.0197,0.0154,0.2274,0.0682,0.0284,0.0398,1048.17,42.43362694,Zwijndrecht,Zwijndrecht,Vlaams Gewest,18994
25005,25005,0.0638,0.0541,0.0436,0.0105,0.4117,0.097,0.055,0.042,174.73,40.009925274,Bevekom,Beauvechain,Waals Gewest,19896
25015,25015,0.0828,0.0654,0.0552,0.0102,0.3482,0.1066,0.0567,0.0499,433.65,40.606801362,Kasteelbrakel,Braine-le-Château,Waals Gewest,18924
25014,25014,0.074,0.0853,0.0686,0.0166,0.4021,0.1357,0.0684,0.0673,740.13,40.859511366,Eigenbrakel,Braine-l’Alleud,Waals Gewest,19659
25117,25117,0.0745,0.0422,0.0314,0.0109,0.427,0.0981,0.0392,0.0588,223.39,37.806727853,Chastre,Chastre,Waals Gewest,18795
25018,25018,0.0759,0.0561,0.047,0.0091,0.4809,0.1037,0.0526,0.0512,238.97,39.338172677,Chaumont-Gistoux,Chaumont-Gistoux,Waals Gewest,20939
25023,25023,0.0752,0.0688,0.0496,0.0192,0.4257,0.1321,0.0555,0.0766,373.4,38.059311352,Court-Saint-Etienne,Court-Saint-Etienne,Waals Gewest,18446
25031,25031,0.0784,0.0555,0.0428,0.0127,0.3734,0.1006,0.0494,0.0512,166.49,39.835341657,Genepiën,Genappe,Waals Gewest,19049
25037,25037,0.0679,0.0628,0.053,0.0098,0.4204,0.1137,0.0598,0.0539,230.41,40.636241969,Graven,Grez-Doiceau,Waals Gewest,20178
25118,25118,0.0718,0.0427,0.0327,0.01,0.2613,0.07,0.0367,0.0333,193.28,40.584888178,Hélécine,Hélécine,Waals Gewest,17624
25043,25043,0.0676,0.044,0.0354,0.0086,0.3812,0.0812,0.0421,0.0391,125.39,39.23022011,Incourt,Incourt,Waals Gewest,19671
25044,25044,0.0647,0.0604,0.0502,0.0102,0.3718,0.0872,0.0515,0.0356,184.99,39.939443517,Itter,Ittre,Waals Gewest,18749
25048,25048,0.0821,0.0605,0.0349,0.0256,0.3243,0.0984,0.0412,0.0572,183.2,40.003656826,Geldenaken,Jodoigne,Waals Gewest,18149
25050,25050,0.0701,0.1609,0.1348,0.0261,0.4855,0.2085,0.1222,0.0863,479.54,41.452968669,Terhulpen,La Hulpe,Waals Gewest,20376
25119,25119,0.0698,0.1225,0.105,0.0175,0.5324,0.1668,0.1023,0.0645,298.17,41.496691068,Lasne,Lasne,Waals Gewest,22890
25068,25068,0.068,0.0457,0.0344,0.0113,0.4417,0.0988,0.045,0.0538,370.14,37.97707407,Mont-Saint-Guibert,Mont-Saint-Guibert,Waals Gewest,19628
25072,25072,0.0962,0.069,0.0514,0.0176,0.3661,0.1247,0.06,0.0647,436.37,41.541222123,Nijvel,Nivelles,Waals Gewest,18954
25120,25120,0.0712,0.0364,0.0275,0.009,0.3186,0.0714,0.0359,0.0354,163.72,39.855149315,Orp-Jauche,Orp-Jauche,Waals Gewest,17852
25121,25121,0.0874,0.1273,0.0649,0.0623,0.499,0.219,0.0717,0.1473,941.64,38.052471378,Ottignies-Louvain-la-Neuve,Ottignies-Louvain-la-Neuve,Waals Gewest,17827
25084,25084,0.0629,0.0396,0.0317,0.0079,0.3495,0.0716,0.0396,0.032,159.48,38.58622199,Perwijs (Nijvel),Perwez (Nivelles),Waals Gewest,18934
25122,25122,0.0759,0.031,0.0247,0.0063,0.3393,0.0594,0.0303,0.029,126.58,38.582552121,Ramillies,Ramillies,Waals Gewest,17986
25123,25123,0.0927,0.0873,0.0779,0.0094,0.2738,0.105,0.0714,0.0336,271.08,39.04853321,Rebecq,Rebecq,Waals Gewest,16956
25091,25091,0.0774,0.1118,0.0894,0.0224,0.4816,0.1629,0.0887,0.0741,1255.12,41.578430895,Rixensart,Rixensart,Waals Gewest,21237
25105,25105,0.114,0.1454,0.121,0.0244,0.2078,0.1805,0.0997,0.0808,730.47,39.619337882,Tubeke,Tubize,Waals Gewest,15482
25107,25107,0.0633,0.0405,0.0332,0.0074,0.3929,0.0826,0.0421,0.0405,214.2,38.671556959,Villers-la-Ville,Villers-la-Ville,Waals Gewest,18736
25124,25124,0.0601,0.0338,0.0258,0.0081,0.4452,0.0683,0.0341,0.0341,169.84,38.184440175,Walhain,Walhain,Waals Gewest,20089
25110,25110,0.0785,0.189,0.1414,0.0477,0.47,0.2526,0.1328,0.1198,1412.35,42.333959069,Waterloo,Waterloo,Waals Gewest,20539
25112,25112,0.0863,0.0788,0.0579,0.0209,0.3861,0.1476,0.0653,0.0823,793.4,41.610703624,Waver,Wavre,Waals Gewest,18860
52074,52074,0.149,0.1311,0.1038,0.0273,0.2053,0.1561,0.0958,0.0603,479.93,40.766226318,Aiseau-Presles,Aiseau-Presles,Waals Gewest,14487
52010,52010,0.1661,0.161,0.1471,0.0139,0.1743,0.1517,0.1197,0.032,797.55,40.279244425,Chapelle-lez-Herlaimont,Chapelle-lez-Herlaimont,Waals Gewest,14105
52011,52011,0.212,0.1499,0.0959,0.054,0.1609,0.182,0.0867,0.0953,1999.95,40.032920761,Charleroi,Charleroi,Waals Gewest,12497
52012,52012,0.1911,0.1466,0.1158,0.0309,0.1402,0.1591,0.1025,0.0566,1335.23,40.42617876,Châtelet,Châtelet,Waals Gewest,12746
52015,52015,0.1483,0.1073,0.0904,0.0169,0.1818,0.1246,0.0839,0.0407,686.47,39.965315226,Courcelles,Courcelles,Waals Gewest,14088
52018,52018,0.2211,0.1751,0.1071,0.068,0.1103,0.2104,0.0955,0.1149,1063.51,38.749181185,Farciennes,Farciennes,Waals Gewest,11174
52021,52021,0.1425,0.1262,0.1025,0.0237,0.1912,0.1297,0.086,0.0436,381.3,40.543056276,Fleurus,Fleurus,Waals Gewest,14714
52022,52022,0.1628,0.145,0.1297,0.0154,0.1864,0.1409,0.1084,0.0324,604.76,40.91712016,Fontaine-l’Evêque,Fontaine-l’Evêque,Waals Gewest,14299
52025,52025,0.0857,0.0551,0.05,0.0052,0.3454,0.0765,0.0561,0.0204,259.64,43.186446646,Gerpinnes,Gerpinnes,Waals Gewest,19367
52075,52075,0.0879,0.0407,0.0313,0.0093,0.3225,0.0711,0.0396,0.0315,213.9,40.306586239,Les Bons Villers,Les Bons Villers,Waals Gewest,18616
52043,52043,0.1716,0.1332,0.1103,0.0228,0.1751,0.1425,0.0918,0.0507,1162.19,39.582306519,Manage,Manage,Waals Gewest,13759
52048,52048,0.0825,0.0652,0.0518,0.0134,0.3605,0.097,0.0599,0.0371,672.45,44.113692911,Montigny-le-Tilleul,Montigny-le-Tilleul,Waals Gewest,19341
52055,52055,0.0898,0.0399,0.0309,0.009,0.2879,0.068,0.0386,0.0295,302.2,39.988974065,Pont-à-Celles,Pont-à-Celles,Waals Gewest,17204
52063,52063,0.1125,0.0605,0.043,0.0175,0.3042,0.0947,0.0464,0.0483,173.2,39.778558895,Seneffe,Seneffe,Waals Gewest,17465
53014,53014,0.2088,0.1275,0.1115,0.016,0.1588,0.1335,0.0974,0.0361,1004.57,40.474762116,Boussu,Boussu,Waals Gewest,13094
53082,53082,0.231,0.1133,0.0977,0.0156,0.1526,0.1312,0.0909,0.0403,1483.4,39.049263498,Colfontaine,Colfontaine,Waals Gewest,12328
53020,53020,0.1807,0.0697,0.0629,0.0067,0.1984,0.092,0.0711,0.0209,508.55,40.447151059,Dour,Dour,Waals Gewest,13834
53028,53028,0.1715,0.0974,0.0809,0.0165,0.1983,0.1155,0.0784,0.0371,816.55,40.458006112,Frameries,Frameries,Waals Gewest,14220
53039,53039,0.1688,0.0919,0.067,0.0249,0.2078,0.1564,0.0903,0.0661,260.75,40.356412846,Hensies,Hensies,Waals Gewest,14196
53083,53083,0.1127,0.0523,0.0499,0.0024,0.3066,0.0839,0.0753,0.0085,115.24,41.346795641,Honnelles,Honnelles,Waals Gewest,16589
53044,53044,0.0609,0.1246,0.0698,0.0548,0.372,0.1419,0.0754,0.0665,173.58,39.645780106,Jurbeke,Jurbise,Waals Gewest,18149
53046,53046,0.073,0.0767,0.0285,0.0482,0.3075,0.0981,0.0381,0.06,86,39.499646877,Lens,Lens,Waals Gewest,16644
53053,53053,0.1712,0.1477,0.1012,0.0465,0.2835,0.1837,0.0981,0.0857,632.78,40.277062227,Bergen,Mons,Waals Gewest,14764
53065,53065,0.2119,0.1607,0.1325,0.0282,0.1583,0.1708,0.1105,0.0603,1713.98,40.313195251,Quaregnon,Quaregnon,Waals Gewest,13012
53068,53068,0.1789,0.1246,0.1076,0.0171,0.1962,0.1881,0.144,0.0441,315.11,40.878381733,Quiévrain,Quiévrain,Waals Gewest,13907
53084,53084,0.0819,0.0482,0.0423,0.0059,0.2963,0.0811,0.064,0.0171,120.16,41.491893073,Quévy,Quévy,Waals Gewest,17174
53070,53070,0.1413,0.0983,0.0826,0.0157,0.2506,0.1157,0.0858,0.0299,327.56,41.970725317,Saint-Ghislain,Saint-Ghislain,Waals Gewest,15845
54010,54010,0.1,0.2582,0.2534,0.0048,0.1657,0.3117,0.2968,0.0149,291.52,41.823424328,Komen-Waasten,Comines-Warneton,Waals Gewest,13517
54007,54007,0.1213,0.1954,0.184,0.0114,0.1947,0.2477,0.2123,0.0355,1378.7,40.49405314,Moeskroen,Mouscron,Waals Gewest,13908
55004,55004,0.1043,0.0727,0.0552,0.0176,0.2992,0.1074,0.0548,0.0526,251.69,39.620499305,’s Gravenbrakel,Braine-le-Comte,Waals Gewest,16961
55050,55050,0.1049,0.0416,0.0333,0.0083,0.2608,0.0666,0.0415,0.0251,305.8,39.505870076,Ecaussinnes,Ecaussinnes,Waals Gewest,16369
55010,55010,0.0843,0.0516,0.0395,0.0121,0.3008,0.0867,0.0408,0.0458,320.4,39.904634922,Edingen,Enghien,Waals Gewest,17780
55022,55022,0.1884,0.1763,0.1501,0.0261,0.1794,0.18,0.1249,0.0551,1218.78,40.401181896,La Louvière,La Louvière,Waals Gewest,13640
55035,55035,0.1078,0.0709,0.0564,0.0145,0.3023,0.086,0.0562,0.0298,193.52,40.730847879,Le Roeulx,Le Roeulx,Waals Gewest,17081
55023,55023,0.1022,0.0416,0.0332,0.0084,0.2028,0.0697,0.0389,0.0307,254.7,40.835756192,Lessen,Lessines,Waals Gewest,15450
55039,55039,0.07,0.0383,0.0286,0.0097,0.3414,0.061,0.0325,0.0286,120.56,40.309516774,Opzullik,Silly,Waals Gewest,18736
55040,55040,0.1013,0.0966,0.0692,0.0274,0.2986,0.1187,0.0692,0.0495,238.52,40.582945165,Zinnik,Soignies,Waals Gewest,16065
56001,56001,0.1641,0.1021,0.0815,0.0207,0.1865,0.112,0.0752,0.0367,690.94,41.526013235,Anderlues,Anderlues,Waals Gewest,14150
56005,56005,0.1197,0.041,0.0263,0.0147,0.2454,0.0687,0.0439,0.0248,76.19,40.090077914,Beaumont,Beaumont,Waals Gewest,14943
56011,56011,0.1572,0.0997,0.0883,0.0114,0.2015,0.109,0.0852,0.0238,543.12,41.885311908,Binche,Binche,Waals Gewest,14851
56016,56016,0.1317,0.0431,0.0325,0.0105,0.2229,0.0919,0.0677,0.0242,50.08,40.898285503,Chimay,Chimay,Waals Gewest,13928
56022,56022,0.1691,0.0787,0.071,0.0077,0.1928,0.1188,0.104,0.0149,220.5,40.022418387,Erquelinnes,Erquelinnes,Waals Gewest,13753
56085,56085,0.1208,0.051,0.0381,0.0129,0.2704,0.0716,0.0474,0.0242,106.25,39.73395525,Estinnes,Estinnes,Waals Gewest,15975
56029,56029,0.1439,0.0275,0.0222,0.0053,0.196,0.0606,0.0426,0.018,43.9,41.072170306,Froidchapelle,Froidchapelle,Waals Gewest,13667
56086,56086,0.0756,0.0373,0.033,0.0043,0.3777,0.0619,0.0404,0.0215,293.02,42.875450321,Ham-sur-Heure-Nalinnes,Ham-sur-Heure-Nalinnes,Waals Gewest,19544
56044,56044,0.0871,0.0351,0.0279,0.0072,0.2921,0.0585,0.0369,0.0216,177.5,40.891912346,Lobbes,Lobbes,Waals Gewest,17153
56049,56049,0.1407,0.0535,0.0376,0.0159,0.2177,0.0782,0.0551,0.0231,141.62,38.367814249,Merbes-le-Château,Merbes-le-Château,Waals Gewest,14458
56051,56051,0.1535,0.0592,0.0561,0.003,0.1721,0.1375,0.1278,0.0097,61.63,39.799565877,Momignies,Momignies,Waals Gewest,12709
56087,56087,0.1613,0.1539,0.1336,0.0203,0.1919,0.1494,0.114,0.0354,948.01,40.538285897,Morlanwelz,Morlanwelz,Waals Gewest,14451
56088,56088,0.1306,0.0377,0.0316,0.0062,0.2198,0.078,0.0616,0.0164,66.93,40.4030772,Sivry-Rance,Sivry-Rance,Waals Gewest,14682
56078,56078,0.1027,0.0417,0.0323,0.0094,0.2965,0.0701,0.0456,0.0245,192.21,42.120507136,Thuin,Thuin,Waals Gewest,17343
57003,57003,0.113,0.0552,0.0502,0.005,0.1954,0.0899,0.0724,0.0175,246.27,40.652437799,Antoing,Antoing,Waals Gewest,14300
57093,57093,0.0789,0.075,0.0708,0.0042,0.2568,0.1138,0.103,0.0108,170.58,40.161301006,Brunehaut,Brunehaut,Waals Gewest,14897
57018,57018,0.0636,0.0497,0.0462,0.0035,0.2734,0.071,0.06,0.0109,81.86,40.083580466,Celles (Doornik),Celles (Tournai),Waals Gewest,15568
57027,57027,0.0992,0.2731,0.2689,0.0042,0.2119,0.3203,0.3058,0.0145,316.11,40.4505504,Estaimpuis,Estaimpuis,Waals Gewest,15321
57094,57094,0.097,0.0383,0.0321,0.0063,0.245,0.0703,0.0485,0.0218,184.07,41.426564398,Leuze-en-Hainaut,Leuze-en-Hainaut,Waals Gewest,15695
57095,57095,0.0568,0.0312,0.0272,0.004,0.2561,0.0564,0.0417,0.0147,131.01,40.16050711,Mont-de-l’Enclus,Mont-de-l’Enclus,Waals Gewest,15918
57062,57062,0.0762,0.0933,0.0871,0.0062,0.253,0.1212,0.1067,0.0145,166.04,41.088879423,Pecq,Pecq,Waals Gewest,15248
57064,57064,0.1289,0.1086,0.0996,0.0091,0.2262,0.155,0.1318,0.0231,282.5,39.914104269,Péruwelz,Péruwelz,Waals Gewest,14096
57072,57072,0.0824,0.0679,0.0652,0.0027,0.2197,0.0981,0.0882,0.0099,216.61,41.025661369,Rumes,Rumes,Waals Gewest,15515
57081,57081,0.1167,0.097,0.0838,0.0133,0.2822,0.1404,0.1053,0.0351,325.58,41.691254178,Doornik,Tournai,Waals Gewest,15869
51004,51004,0.0988,0.0334,0.0233,0.0101,0.2743,0.0632,0.0345,0.0287,223.18,40.910568489,Aat,Ath,Waals Gewest,16691
51008,51008,0.1135,0.0555,0.049,0.0065,0.2386,0.089,0.0677,0.0213,223.58,40.266661842,Beloeil,Beloeil,Waals Gewest,15358
51009,51009,0.1504,0.1102,0.0991,0.0111,0.1973,0.1408,0.1114,0.0293,270.11,40.182518199,Bernissart,Bernissart,Waals Gewest,14327
51012,51012,0.0935,0.0619,0.0249,0.037,0.2275,0.0811,0.0344,0.0467,122.87,38.670267209,Brugelette,Brugelette,Waals Gewest,15210
51014,51014,0.0814,0.0326,0.0204,0.0122,0.2576,0.053,0.0341,0.0189,141.21,40.083269022,Chièvres,Chièvres,Waals Gewest,15941
51017,51017,0.0732,0.0274,0.0233,0.0041,0.2846,0.0502,0.0323,0.0179,131.49,42.231264582,Elzele,Ellezelles,Waals Gewest,16532
51019,51019,0.0888,0.032,0.027,0.005,0.273,0.0572,0.0372,0.0199,148.25,42.535933512,Vloesberg,Flobecq,Waals Gewest,16908
51065,51065,0.0796,0.0323,0.0277,0.0046,0.2746,0.0582,0.0423,0.0159,100.91,40.903555173,Frasnes-lez-Anvaing,Frasnes-lez-Anvaing,Waals Gewest,16469
61003,61003,0.1314,0.0379,0.0293,0.0086,0.2097,0.0796,0.05,0.0296,497.21,40.276629033,Amay,Amay,Waals Gewest,15523
61079,61079,0.0691,0.0299,0.0235,0.0064,0.324,0.064,0.0404,0.0235,110.03,40.399732897,Anthisnes,Anthisnes,Waals Gewest,18179
61010,61010,0.0609,0.021,0.0167,0.0043,0.3616,0.061,0.031,0.03,92.05,39.35612018,Burdinne,Burdinne,Waals Gewest,18548
61012,61012,0.0688,0.0278,0.0248,0.0029,0.3127,0.0523,0.0363,0.016,56.05,39.395514983,Clavier,Clavier,Waals Gewest,16857
61080,61080,0.1377,0.0592,0.0493,0.0099,0.1741,0.0988,0.064,0.0347,207.7,39.533088328,Engis,Engis,Waals Gewest,14246
61019,61019,0.0722,0.0255,0.0212,0.0042,0.3116,0.0524,0.0291,0.0233,82.83,40.835005573,Ferrières,Ferrières,Waals Gewest,17278
61024,61024,0.1064,0.0392,0.0268,0.0124,0.2373,0.067,0.0378,0.0292,136.9,41.061531721,Hamoir,Hamoir,Waals Gewest,15716
61031,61031,0.1684,0.0669,0.0306,0.0363,0.2662,0.1246,0.0435,0.0811,444.12,40.91273148,Hoei,Huy,Waals Gewest,15306
61028,61028,0.0778,0.023,0.0152,0.0079,0.34,0.0527,0.0283,0.0244,129.16,37.733549025,Héron,Héron,Waals Gewest,17088
61039,61039,0.0961,0.0433,0.0372,0.0061,0.284,0.0666,0.0473,0.0193,174.73,39.148529131,Marchin,Marchin,Waals Gewest,16470
61041,61041,0.0706,0.0364,0.0296,0.0068,0.3288,0.061,0.04,0.021,97.89,38.4337345,Modave,Modave,Waals Gewest,17410
61043,61043,0.0534,0.038,0.0348,0.0031,0.4202,0.0669,0.0461,0.0207,160.02,41.368790729,Nandrin,Nandrin,Waals Gewest,20384
61048,61048,0.0966,0.025,0.0151,0.0099,0.3023,0.0522,0.0257,0.0265,67.66,39.776728583,Ouffet,Ouffet,Waals Gewest,16508
61081,61081,0.0634,0.0305,0.0232,0.0073,0.3846,0.0642,0.0417,0.0224,69.7,38.738042664,Tinlot,Tinlot,Waals Gewest,18647
61063,61063,0.0588,0.0334,0.0265,0.0068,0.3392,0.0536,0.0323,0.0213,157.32,38.611512329,Verlaine,Verlaine,Waals Gewest,17929
61068,61068,0.0887,0.0309,0.0238,0.0071,0.2979,0.0689,0.0398,0.0292,193.82,38.239290054,Villers-Le-Bouillet,Villers-Le-Bouillet,Waals Gewest,17683
61072,61072,0.0917,0.0301,0.0238,0.0062,0.2915,0.07,0.0372,0.0327,298.74,40.493958943,Wanze,Wanze,Waals Gewest,17264
62003,62003,0.1385,0.105,0.08,0.025,0.2312,0.175,0.0937,0.0814,1184.13,42.363893942,Ans,Ans,Waals Gewest,15613
62006,62006,0.0907,0.0491,0.0394,0.0097,0.2831,0.0854,0.0542,0.0313,326.21,42.253833164,Awans,Awans,Waals Gewest,17784
62009,62009,0.1106,0.0451,0.0171,0.028,0.2664,0.0808,0.0325,0.0483,147.83,40.285950584,Aywaille,Aywaille,Waals Gewest,16094
62011,62011,0.0959,0.0803,0.0727,0.0076,0.2541,0.1041,0.0812,0.0229,228.54,40.579009696,Bitsingen,Bassenge,Waals Gewest,16423
62015,62015,0.1274,0.097,0.0772,0.0198,0.2072,0.1384,0.0835,0.0549,1644.19,40.209578897,Beyne-Heusay,Beyne-Heusay,Waals Gewest,15081
62119,62119,0.0802,0.045,0.0355,0.0095,0.3132,0.0806,0.0504,0.0302,506.2,40.655919258,Blégny,Blégny,Waals Gewest,17678
62022,62022,0.0914,0.0502,0.0388,0.0114,0.4234,0.0992,0.0542,0.045,823.01,44.550350594,Chaudfontaine,Chaudfontaine,Waals Gewest,21217
62026,62026,0.1102,0.051,0.0452,0.0057,0.2241,0.0829,0.0567,0.0261,237.85,40.693335831,Comblain-au-Pont,Comblain-au-Pont,Waals Gewest,15214
62027,62027,0.0575,0.0831,0.0744,0.0087,0.3539,0.1097,0.0831,0.0266,191.58,39.582286228,Dalhem,Dalhem,Waals Gewest,18295
62032,62032,0.0937,0.0444,0.0349,0.0096,0.3961,0.0892,0.0522,0.037,386.89,42.702069382,Esneux,Esneux,Waals Gewest,19301
62120,62120,0.1467,0.0791,0.0677,0.0114,0.1836,0.1142,0.0786,0.0356,691.13,41.774983089,Flémalle,Flémalle,Waals Gewest,14840
62038,62038,0.1261,0.0872,0.0698,0.0174,0.2367,0.1401,0.0841,0.0559,1184.03,42.784326219,Fléron,Fléron,Waals Gewest,15648
62118,62118,0.1491,0.1469,0.1305,0.0164,0.161,0.1771,0.1313,0.0458,640.72,40.692333534,Grâce-Hollogne,Grâce-Hollogne,Waals Gewest,14295
62051,62051,0.17,0.1827,0.1341,0.0486,0.1603,0.237,0.1309,0.1061,1646.88,40.817809289,Herstal,Herstal,Waals Gewest,13578
62060,62060,0.0744,0.0593,0.0436,0.0157,0.296,0.0959,0.0532,0.0427,255.67,41.07658025,Juprelle,Juprelle,Waals Gewest,17729
62063,62063,0.1983,0.1885,0.1002,0.0883,0.2856,0.2707,0.0996,0.1711,2824.04,40.453067793,Luik,Liège,Waals Gewest,13921
62121,62121,0.0589,0.0515,0.0436,0.0079,0.4217,0.0959,0.0579,0.038,311.38,42.985625228,Neupré,Neupré,Waals Gewest,21400
62079,62079,0.128,0.0651,0.055,0.0101,0.2273,0.1122,0.0719,0.0402,669.45,41.655403743,Oupeye,Oupeye,Waals Gewest,15982
62093,62093,0.1821,0.216,0.1728,0.0432,0.1486,0.2634,0.1668,0.0966,3394.73,40.536892632,Saint-Nicolas (Luik),Saint-Nicolas (Liège),Waals Gewest,12769
62096,62096,0.1909,0.144,0.1088,0.0352,0.1698,0.1911,0.1115,0.0796,1793.16,40.776280516,Seraing,Seraing,Waals Gewest,13217
62099,62099,0.1015,0.0612,0.0502,0.011,0.2709,0.0907,0.0589,0.0318,599.8,39.702930431,Soumagne,Soumagne,Waals Gewest,16234
62100,62100,0.0805,0.0442,0.0273,0.0169,0.3691,0.0749,0.0375,0.0374,186.87,39.706870016,Sprimont,Sprimont,Waals Gewest,18636
62122,62122,0.1108,0.1049,0.0531,0.0518,0.287,0.1405,0.0678,0.0728,345.9,39.367238758,Trooz,Trooz,Waals Gewest,16534
62108,62108,0.1353,0.088,0.0604,0.0276,0.2507,0.1515,0.0763,0.0752,611.75,41.074037047,Wezet,Visé,Waals Gewest,15692
63001,63001,0.0311,0.0511,0.0497,0.0015,0.1824,0.0796,0.0671,0.0125,43.47,40.930030904,Amel,Amblève,Waals Gewest,14794
63003,63003,0.0551,0.0564,0.0421,0.0143,0.3073,0.0781,0.049,0.0292,222.21,40.536140476,Aubel,Aubel,Waals Gewest,17003
63004,63004,0.0622,0.0679,0.0583,0.0096,0.2746,0.1264,0.097,0.0294,49.66,38.991162387,Baelen,Baelen,Waals Gewest,16780
63012,63012,0.0275,0.1143,0.0722,0.0421,0.1914,0.1649,0.1117,0.0532,38.01,40.637076336,Büllingen,Bullange,Waals Gewest,14371
63087,63087,0.0326,0.0881,0.0833,0.0048,0.1566,0.1084,0.0976,0.0108,36.48,40.667460724,Burg-Reuland,Burg-Reuland,Waals Gewest,14836
63013,63013,0.043,0.0616,0.0541,0.0075,0.1725,0.1084,0.0906,0.0178,58.76,41.24841931,Bütgenbach,Butgenbach,Waals Gewest,14435
63020,63020,0.192,0.1043,0.0475,0.0568,0.1582,0.1802,0.0512,0.1291,1081.51,37.25542681,Dison,Dison,Waals Gewest,11930
63023,63023,0.0817,0.1507,0.1006,0.0502,0.2387,0.2649,0.1617,0.1033,184.1,41.612399019,Eupen,Eupen,Waals Gewest,16613
63035,63035,0.0865,0.0437,0.0327,0.011,0.3145,0.0738,0.0423,0.0315,301.76,39.826285056,Herve,Herve,Waals Gewest,16991
63038,63038,0.0612,0.0228,0.0184,0.0043,0.3555,0.0518,0.0301,0.0217,77.07,39.812097396,Jalhay,Jalhay,Waals Gewest,17965
63040,63040,0.094,0.3769,0.3392,0.0377,0.1567,0.4735,0.3982,0.0753,603.69,41.96664979,Kelmis,La Calamine,Waals Gewest,14287
63045,63045,0.0724,0.0364,0.0278,0.0086,0.2674,0.0645,0.039,0.0255,37.86,40.89279354,Lierneux,Lierneux,Waals Gewest,15970
63046,63046,0.0987,0.0538,0.0356,0.0181,0.2264,0.0954,0.0508,0.0446,234.93,39.402854538,Limburg,Limbourg,Waals Gewest,15416
63048,63048,0.0573,0.2169,0.1984,0.0185,0.2091,0.3004,0.2515,0.0489,190.74,40.005632824,Lontzen,Lontzen,Waals Gewest,16182
63049,63049,0.0932,0.0437,0.0256,0.0181,0.267,0.1028,0.0447,0.0581,122.36,41.5697836,Malmedy,Malmedy,Waals Gewest,15710
63057,63057,0.0686,0.0364,0.0312,0.0052,0.404,0.0697,0.0477,0.022,238.78,40.266186411,Olne,Olne,Waals Gewest,19707
63058,63058,0.1145,0.0332,0.0219,0.0112,0.2397,0.0701,0.0348,0.0354,392.29,38.891710234,Pepinster,Pepinster,Waals Gewest,15295
63088,63088,0.0817,0.2257,0.2153,0.0104,0.1975,0.2713,0.2447,0.0266,185.99,40.904942437,Plombières,Plombières,Waals Gewest,15063
63061,63061,0.0616,0.4964,0.4784,0.018,0.2218,0.5888,0.5477,0.0411,141.32,42.134649688,Raeren,Raeren,Waals Gewest,17268
63067,63067,0.0313,0.0638,0.048,0.0158,0.2165,0.107,0.076,0.0311,63.97,41.680960666,Sankt Vith,Saint-Vith,Waals Gewest,16152
63072,63072,0.148,0.042,0.0275,0.0145,0.2545,0.1041,0.0536,0.0505,264.6,43.924292031,Spa,Spa,Waals Gewest,16264
63073,63073,0.0955,0.0373,0.0275,0.0099,0.2699,0.0709,0.0407,0.0302,80.92,40.986253023,Stavelot,Stavelot,Waals Gewest,15477
63075,63075,0.0763,0.0864,0.0315,0.0549,0.3522,0.1116,0.0399,0.0717,29.58,40.387868935,Stoumont,Stoumont,Waals Gewest,17017
63076,63076,0.0712,0.0258,0.0169,0.0089,0.3402,0.0579,0.0282,0.0296,144.04,39.833552942,Theux,Theux,Waals Gewest,17666
63089,63089,0.06,0.0249,0.0212,0.0037,0.3363,0.0504,0.0321,0.0183,190.3,37.49467286,Thimister-Clermont,Thimister-Clermont,Waals Gewest,17500
63086,63086,0.0931,0.0422,0.0335,0.0088,0.2475,0.0749,0.0454,0.0295,36.45,40.696587936,Trois-Ponts,Trois-Ponts,Waals Gewest,15583
63079,63079,0.2,0.1171,0.0465,0.0706,0.2311,0.2055,0.0536,0.1519,1703.01,39.050817682,Verviers,Verviers,Waals Gewest,13291
63080,63080,0.0599,0.0363,0.0265,0.0098,0.2292,0.0781,0.0499,0.0282,72.77,40.076962366,Weismes,Waimes,Waals Gewest,15106
63084,63084,0.0825,0.076,0.0583,0.0176,0.2498,0.1297,0.0819,0.0477,394.63,40.059951233,Welkenraedt,Welkenraedt,Waals Gewest,16097
64008,64008,0.0559,0.0281,0.0156,0.0125,0.275,0.0597,0.0292,0.0305,203.6,38.466434611,Berloz,Berloz,Waals Gewest,17638
64015,64015,0.0766,0.0215,0.019,0.0026,0.3199,0.0574,0.0342,0.0232,133.03,39.301145398,Braives,Braives,Waals Gewest,17777
64021,64021,0.07,0.0317,0.0251,0.0066,0.3231,0.0622,0.0359,0.0263,180.44,40.316098133,Crisnée,Crisnée,Waals Gewest,18212
64023,64023,0.0522,0.031,0.0276,0.0034,0.357,0.0515,0.0358,0.0157,125.87,39.944539673,Donceel,Donceel,Waals Gewest,19171
64076,64076,0.0549,0.0302,0.0236,0.0066,0.3497,0.0599,0.0363,0.0236,132.59,39.411726059,Faimes,Faimes,Waals Gewest,19092
64025,64025,0.0787,0.0365,0.0314,0.005,0.3038,0.0723,0.0468,0.0254,165.33,40.555364109,Fexhe-le-Haut-Clocher,Fexhe-le-Haut-Clocher,Waals Gewest,18234
64029,64029,0.0656,0.0228,0.0163,0.0066,0.3241,0.0572,0.0338,0.0235,135.33,37.442065484,Geer,Geer,Waals Gewest,18273
64034,64034,0.0861,0.0336,0.0253,0.0084,0.3029,0.0719,0.0386,0.0334,178.02,40.456911768,Hannuit,Hannut,Waals Gewest,17992
64047,64047,0.0576,0.0384,0.0284,0.01,0.266,0.0583,0.0327,0.0255,217.69,39.82340951,Lijsem,Lincent,Waals Gewest,17986
64056,64056,0.088,0.0305,0.023,0.0076,0.2771,0.0599,0.0347,0.0252,181.81,40.094089437,Oerle,Oreye,Waals Gewest,17800
64063,64063,0.0752,0.031,0.023,0.0081,0.3073,0.058,0.0328,0.0253,247.23,40.069674161,Remicourt,Remicourt,Waals Gewest,18089
64065,64065,0.1144,0.0546,0.0432,0.0114,0.2286,0.0798,0.0507,0.0292,312.02,40.979173249,Saint-Georges-sur-Meuse,Saint-Georges-sur-Meuse,Waals Gewest,15929
64074,64074,0.0933,0.0321,0.0191,0.013,0.2736,0.0777,0.0365,0.0413,475.27,42.676521645,Borgworm,Waremme,Waals Gewest,17622
64075,64075,0.0769,0.0265,0.0133,0.0133,0.3044,0.0534,0.0229,0.0306,110.97,37.533695793,Wasseiges,Wasseiges,Waals Gewest,16578
82003,82003,0.0911,0.0508,0.0329,0.0179,0.2567,0.1106,0.061,0.0496,87.54,37.345952892,Bastenaken,Bastogne,Waals Gewest,15070
82005,82005,0.0589,0.0167,0.0116,0.005,0.2547,0.0412,0.028,0.0132,34.65,37.084633308,Bertogne,Bertogne,Waals Gewest,14838
82009,82009,0.0561,0.0532,0.0443,0.0089,0.3,0.1006,0.0769,0.0237,30.17,36.80044371,Fauvillers,Fauvillers,Waals Gewest,16090
82037,82037,0.0746,0.1156,0.0278,0.0878,0.2377,0.139,0.0399,0.0992,32.67,37.831175831,Gouvy,Gouvy,Waals Gewest,14041
82014,82014,0.0757,0.0521,0.0408,0.0113,0.2412,0.0885,0.0573,0.0312,30.19,40.167323068,Houffalize,Houffalize,Waals Gewest,14861
82038,82038,0.0849,0.0332,0.0217,0.0115,0.2408,0.0627,0.0405,0.0221,24.95,39.551447504,Sainte-Ode,Sainte-Ode,Waals Gewest,14783
82036,82036,0.0468,0.0242,0.0197,0.0045,0.2744,0.053,0.0364,0.0166,37.76,35.795281179,Vaux-sur-Sûre,Vaux-sur-Sûre,Waals Gewest,15071
82032,82032,0.0922,0.0437,0.0317,0.0119,0.2471,0.073,0.0459,0.0271,53.92,40.509347905,Vielsalm,Vielsalm,Waals Gewest,14827
83012,83012,0.1059,0.0562,0.035,0.0213,0.2451,0.0906,0.0466,0.0441,71.43,41.630466071,Durbuy,Durbuy,Waals Gewest,14994
83013,83013,0.1008,0.0463,0.0254,0.0209,0.2458,0.078,0.0417,0.0363,39.74,41.424996309,Erezée,Erezée,Waals Gewest,15035
83028,83028,0.0965,0.0888,0.0214,0.0674,0.204,0.1225,0.0393,0.0832,97.7,37.266877589,Hotton,Hotton,Waals Gewest,14184
83031,83031,0.1127,0.0504,0.0409,0.0095,0.2167,0.0924,0.0516,0.0409,29.19,42.112916688,La Roche-en-Ardenne,La Roche-en-Ardenne,Waals Gewest,13945
83055,83055,0.0751,0.0773,0.0323,0.0451,0.2642,0.1011,0.0427,0.0584,28.73,39.205140492,Manhay,Manhay,Waals Gewest,16256
83034,83034,0.1072,0.0358,0.0223,0.0135,0.2373,0.0956,0.0441,0.0515,143.47,39.105039796,Marche-en-Famenne,Marche-en-Famenne,Waals Gewest,15153
83040,83040,0.0823,0.0261,0.0198,0.0063,0.2714,0.0622,0.038,0.0242,46.52,38.887506668,Nassogne,Nassogne,Waals Gewest,16159
83044,83044,0.0884,0.1222,0.0268,0.0954,0.2278,0.1548,0.0454,0.1094,39.05,39.298464776,Rendeux,Rendeux,Waals Gewest,14426
83049,83049,0.0539,0.0297,0.0253,0.0045,0.266,0.0665,0.0405,0.026,29.31,39.521786815,Tenneville,Tenneville,Waals Gewest,16122
84009,84009,0.0864,0.0318,0.0201,0.0118,0.2211,0.0761,0.0361,0.04,61.16,39.681747575,Bertrix,Bertrix,Waals Gewest,14498
84010,84010,0.1201,0.0607,0.056,0.0048,0.1938,0.1134,0.088,0.0254,36.67,43.900720417,Bouillon,Bouillon,Waals Gewest,14287
84016,84016,0.0679,0.027,0.0235,0.0036,0.2156,0.0598,0.0456,0.0142,24.91,43.05513958,Daverdisse,Daverdisse,Waals Gewest,14396
84029,84029,0.0984,0.0257,0.0212,0.0045,0.2365,0.0681,0.0437,0.0244,26.48,42.149605994,Herbeumont,Herbeumont,Waals Gewest,15181
84035,84035,0.0706,0.0266,0.0241,0.0025,0.2616,0.0604,0.0377,0.0227,34.72,39.457792226,Libin,Libin,Waals Gewest,16017
84077,84077,0.0611,0.0389,0.0264,0.0125,0.2913,0.0783,0.0382,0.04,58.97,37.924274159,Libramont-Chevigny,Libramont-Chevigny,Waals Gewest,16230
84033,84033,0.0475,0.0521,0.0395,0.0126,0.3192,0.0962,0.0702,0.0261,27.53,35.254007131,Léglise,Léglise,Waals Gewest,15909
84043,84043,0.0766,0.0389,0.0261,0.0128,0.2871,0.0874,0.046,0.0415,62.33,37.694570134,Neufchâteau (Neufchâteau),Neufchâteau (Neufchâteau),Waals Gewest,15299
84050,84050,0.0798,0.028,0.0238,0.0042,0.2253,0.0661,0.039,0.0271,46.11,39.947300878,Paliseul,Paliseul,Waals Gewest,14177
84059,84059,0.0901,0.0228,0.014,0.0088,0.2268,0.0587,0.0307,0.028,51.36,41.858699792,Saint-Hubert,Saint-Hubert,Waals Gewest,15387
84068,84068,0.0968,0.0252,0.0176,0.0076,0.2281,0.058,0.0336,0.0244,44.14,40.079800531,Tellin,Tellin,Waals Gewest,15376
84075,84075,0.0662,0.0213,0.0203,0.001,0.2577,0.054,0.0373,0.0167,44.43,41.738880017,Wellin,Wellin,Waals Gewest,15282
85007,85007,0.0898,0.0357,0.0277,0.008,0.2556,0.0927,0.0679,0.0248,45.33,40.520988141,Chiny,Chiny,Waals Gewest,15532
85009,85009,0.0537,0.0446,0.0382,0.0064,0.3667,0.1002,0.0727,0.0275,71.72,36.150317187,Etalle,Etalle,Waals Gewest,18496
85011,85011,0.122,0.0539,0.0462,0.0077,0.2369,0.1173,0.0877,0.0296,37.32,43.31568796,Florenville,Florenville,Waals Gewest,15264
85046,85046,0.0599,0.0491,0.0432,0.0058,0.3442,0.1161,0.0891,0.027,79.3,36.89683214,Habay,Habay,Waals Gewest,17615
85024,85024,0.0739,0.0471,0.0442,0.0029,0.298,0.1063,0.08,0.0263,50.52,40.273047647,Meix-devant-Virton,Meix-devant-Virton,Waals Gewest,15447
85026,85026,0.0744,0.093,0.0894,0.0036,0.2707,0.1902,0.1685,0.0218,126.68,38.040412779,Musson,Musson,Waals Gewest,16398
85047,85047,0.0841,0.0683,0.0606,0.0077,0.2425,0.1294,0.1,0.0293,75.11,39.303198284,Rouvroy,Rouvroy,Waals Gewest,15448
85034,85034,0.0574,0.0608,0.0447,0.016,0.3155,0.1349,0.0993,0.0356,92.41,37.988768257,Saint-Léger (Virton),Saint-Léger (Virton),Waals Gewest,18295
85039,85039,0.0571,0.0292,0.0254,0.0038,0.273,0.0822,0.0605,0.0218,47.72,37.980874027,Tintigny,Tintigny,Waals Gewest,15750
85045,85045,0.1164,0.0793,0.0517,0.0276,0.2803,0.158,0.0919,0.0661,122.62,39.837756099,Virton,Virton,Waals Gewest,15707
81001,81001,0.0826,0.1157,0.0898,0.0259,0.3785,0.2234,0.1471,0.0763,236.21,38.84849987,Aarlen,Arlon,Waals Gewest,19598
81003,81003,0.0404,0.0668,0.0636,0.0031,0.4378,0.1496,0.1232,0.0264,72.21,36.004378706,Attert,Attert,Waals Gewest,22312
81004,81004,0.1124,0.2171,0.1997,0.0174,0.209,0.3389,0.2873,0.0516,347.78,39.495207994,Aubange,Aubange,Waals Gewest,15615
81013,81013,0.1007,0.1392,0.0965,0.0427,0.2507,0.2224,0.1473,0.0751,58.34,37.902945537,Martelange,Martelange,Waals Gewest,16465
81015,81015,0.0646,0.1261,0.114,0.0121,0.3103,0.2401,0.2054,0.0347,149.96,38.702364051,Messancy,Messancy,Waals Gewest,19476
91005,91005,0.0892,0.031,0.0243,0.0067,0.2309,0.06,0.0368,0.0232,107.11,40.776305138,Anhée,Anhée,Waals Gewest,15320
91013,91013,0.1286,0.0571,0.029,0.0281,0.2284,0.0897,0.0479,0.0419,51.59,40.188414258,Beauraing,Beauraing,Waals Gewest,14267
91015,91015,0.0989,0.0256,0.0221,0.0035,0.1966,0.0602,0.0413,0.0189,28.94,41.805750924,Bièvre,Bièvre,Waals Gewest,14074
91030,91030,0.0951,0.0256,0.0185,0.0071,0.2576,0.059,0.0308,0.0282,106.49,40.797193746,Ciney,Ciney,Waals Gewest,15881
91034,91034,0.1379,0.0659,0.0275,0.0384,0.2282,0.1143,0.048,0.0663,138.08,40.51036827,Dinant,Dinant,Waals Gewest,14856
91054,91054,0.1105,0.0318,0.0298,0.002,0.2146,0.0623,0.0482,0.0141,29.46,42.64627146,Gedinne,Gedinne,Waals Gewest,14494
91059,91059,0.0717,0.0547,0.015,0.0397,0.296,0.0812,0.0271,0.0541,94.55,37.391417255,Hamois,Hamois,Waals Gewest,16582
91142,91142,0.2043,0.0609,0.05,0.011,0.1401,0.1022,0.0717,0.0305,100.31,44.008243159,Hastière,Hastière,Waals Gewest,13442
91064,91064,0.0757,0.0223,0.0178,0.0045,0.2915,0.0492,0.0257,0.0235,48.29,38.817366096,Havelange,Havelange,Waals Gewest,15404
91072,91072,0.0898,0.0307,0.0259,0.0048,0.2321,0.0557,0.0364,0.0193,37.3,41.118742995,Houyet,Houyet,Waals Gewest,15090
91103,91103,0.12,0.0249,0.0201,0.0048,0.2296,0.054,0.0348,0.0192,47.76,40.20792617,Onhaye,Onhaye,Waals Gewest,16023
91114,91114,0.1088,0.031,0.0197,0.0114,0.2208,0.0705,0.0359,0.0346,75.05,40.202069623,Rochefort,Rochefort,Waals Gewest,14702
91120,91120,0.0881,0.032,0.0264,0.0056,0.2338,0.0685,0.0474,0.0212,52.19,40.276635321,Somme-Leuze,Somme-Leuze,Waals Gewest,15460
91143,91143,0.1276,0.0842,0.0529,0.0312,0.1819,0.1311,0.0883,0.0428,28.24,44.868850714,Vresse-sur-Semois,Vresse-sur-Semois,Waals Gewest,13928
91141,91141,0.0753,0.0848,0.0367,0.0481,0.3362,0.1131,0.0435,0.0697,163.16,38.768432256,Yvoir,Yvoir,Waals Gewest,17314
92003,92003,0.1216,0.0435,0.0321,0.0114,0.2178,0.092,0.0498,0.0422,296.35,39.752019427,Andenne,Andenne,Waals Gewest,15036
92006,92006,0.0577,0.0349,0.0173,0.0176,0.3462,0.0649,0.0281,0.0368,85.21,37.756228218,Assesse,Assesse,Waals Gewest,18184
92035,92035,0.067,0.0234,0.0177,0.0057,0.3089,0.0518,0.0269,0.0249,148.58,39.256159314,Eghezée,Eghezée,Waals Gewest,18132
92138,92138,0.0554,0.0194,0.0145,0.0049,0.3358,0.0494,0.0243,0.025,108.98,38.202906591,Fernelmont,Fernelmont,Waals Gewest,18029
92045,92045,0.0717,0.0297,0.0239,0.0058,0.3151,0.0585,0.0359,0.0225,201.03,38.800507776,Floreffe,Floreffe,Waals Gewest,17718
92048,92048,0.1116,0.0359,0.0308,0.0051,0.2492,0.0541,0.0368,0.0174,156.62,38.943766872,Fosses-la-Ville,Fosses-la-Ville,Waals Gewest,15743
92142,92142,0.0816,0.0602,0.0312,0.029,0.3774,0.1063,0.0424,0.0639,247.75,39.123081865,Gembloux,Gembloux,Waals Gewest,18299
92054,92054,0.0667,0.0213,0.0136,0.0077,0.3575,0.0548,0.0252,0.0296,103.96,38.080793609,Gesves,Gesves,Waals Gewest,17668
92140,92140,0.1217,0.0363,0.0313,0.005,0.2293,0.0607,0.0396,0.0211,395.2,39.115307511,Jemeppe-sur-Sambre,Jemeppe-sur-Sambre,Waals Gewest,15815
92141,92141,0.054,0.0185,0.0151,0.0034,0.375,0.0502,0.0261,0.0242,167.24,38.194878961,La Bruyère,La Bruyère,Waals Gewest,19022
92087,92087,0.0932,0.0306,0.0253,0.0054,0.2599,0.0501,0.0318,0.0183,108.84,39.199906443,Mettet,Mettet,Waals Gewest,16185
92094,92094,0.1199,0.0695,0.035,0.0345,0.3157,0.1394,0.0478,0.0916,627.09,41.126008922,Namen,Namur,Waals Gewest,16909
92097,92097,0.0798,0.0215,0.0177,0.0038,0.2854,0.0515,0.0304,0.0211,82.95,37.870984455,Ohey,Ohey,Waals Gewest,15844
92101,92101,0.0755,0.0342,0.0257,0.0085,0.3582,0.0718,0.0375,0.0343,229.66,39.631030599,Profondeville,Profondeville,Waals Gewest,17929
92137,92137,0.1555,0.089,0.079,0.01,0.192,0.1005,0.0717,0.0288,803.77,40.90201626,Sambreville,Sambreville,Waals Gewest,15064
92114,92114,0.0824,0.0403,0.0342,0.0061,0.3167,0.0682,0.0397,0.0285,227.5,38.775203418,Sombreffe,Sombreffe,Waals Gewest,17344
93010,93010,0.1358,0.0248,0.0199,0.005,0.22,0.0513,0.0352,0.0161,57.91,38.926970863,Cerfontaine,Cerfontaine,Waals Gewest,14506
93014,93014,0.1718,0.0369,0.0295,0.0074,0.2003,0.0868,0.0652,0.0216,66.67,41.597386328,Couvin,Couvin,Waals Gewest,13759
93018,93018,0.1211,0.0318,0.0266,0.0052,0.2121,0.0694,0.0535,0.0159,34.47,41.783615965,Doische,Doische,Waals Gewest,13972
93022,93022,0.1208,0.0563,0.0187,0.0376,0.2185,0.0798,0.0303,0.0495,86.2,40.039329862,Florennes,Florennes,Waals Gewest,15309
93056,93056,0.1285,0.0438,0.0288,0.0149,0.2102,0.0743,0.0447,0.0296,57.77,41.222550342,Philippeville,Philippeville,Waals Gewest,14894
93090,93090,0.1846,0.0655,0.032,0.0335,0.1686,0.1113,0.0668,0.0445,48.92,42.047782439,Viroinval,Viroinval,Waals Gewest,13764
93088,93088,0.0968,0.039,0.0351,0.0039,0.2714,0.0588,0.0419,0.0169,147.05,40.548905828,Walcourt,Walcourt,Waals Gewest,16675
